-- phpMyAdmin SQL Dump
-- version 4.8.2
-- https://www.phpmyadmin.net/
--
-- Host: 127.0.0.1
-- Generation Time: Nov 25, 2018 at 01:05 AM
-- Server version: 10.1.34-MariaDB
-- PHP Version: 7.2.8

SET SQL_MODE = "NO_AUTO_VALUE_ON_ZERO";
SET AUTOCOMMIT = 0;
START TRANSACTION;
SET time_zone = "+00:00";


/*!40101 SET @OLD_CHARACTER_SET_CLIENT=@@CHARACTER_SET_CLIENT */;
/*!40101 SET @OLD_CHARACTER_SET_RESULTS=@@CHARACTER_SET_RESULTS */;
/*!40101 SET @OLD_COLLATION_CONNECTION=@@COLLATION_CONNECTION */;
/*!40101 SET NAMES utf8mb4 */;

--
-- Database: `portal_db`
--

-- --------------------------------------------------------

--
-- Table structure for table `categories`
--

CREATE TABLE `categories` (
  `id` int(10) UNSIGNED NOT NULL,
  `name` varchar(191) COLLATE utf8mb4_unicode_ci NOT NULL,
  `created_at` timestamp NULL DEFAULT NULL,
  `updated_at` timestamp NULL DEFAULT NULL
) ENGINE=InnoDB DEFAULT CHARSET=utf8mb4 COLLATE=utf8mb4_unicode_ci;

--
-- Dumping data for table `categories`
--

INSERT INTO `categories` (`id`, `name`, `created_at`, `updated_at`) VALUES
(1, 'กิน', '2018-11-18 13:06:16', '2018-11-18 13:06:16'),
(2, 'ช็อป', '2018-11-18 13:06:16', '2018-11-18 13:06:16'),
(3, 'เที่ยว', '2018-11-18 13:06:16', '2018-11-18 13:06:16'),
(4, 'พัก', '2018-11-18 13:06:16', '2018-11-18 13:06:16'),
(5, 'เส้นทาง', '2018-11-18 13:06:16', '2018-11-18 13:06:16');

-- --------------------------------------------------------

--
-- Table structure for table `category_review`
--

CREATE TABLE `category_review` (
  `category_id` int(10) UNSIGNED NOT NULL,
  `review_id` int(10) UNSIGNED NOT NULL,
  `created_at` timestamp NULL DEFAULT NULL,
  `updated_at` timestamp NULL DEFAULT NULL
) ENGINE=InnoDB DEFAULT CHARSET=utf8mb4 COLLATE=utf8mb4_unicode_ci;

--
-- Dumping data for table `category_review`
--

INSERT INTO `category_review` (`category_id`, `review_id`, `created_at`, `updated_at`) VALUES
(1, 6, '2018-11-18 13:29:28', '2018-11-18 13:29:28'),
(1, 8, '2018-11-18 13:56:07', '2018-11-18 13:56:07'),
(1, 14, '2018-11-20 17:05:11', '2018-11-20 17:05:11'),
(1, 16, '2018-11-23 18:04:21', '2018-11-23 18:04:21'),
(1, 18, '2018-11-23 18:52:41', '2018-11-23 18:52:41'),
(1, 19, '2018-11-23 20:18:15', '2018-11-23 20:18:15'),
(1, 20, '2018-11-23 20:35:28', '2018-11-23 20:35:28'),
(1, 22, '2018-11-23 21:01:57', '2018-11-23 21:01:57'),
(2, 8, '2018-11-18 13:56:07', '2018-11-18 13:56:07'),
(2, 14, '2018-11-20 17:05:11', '2018-11-20 17:05:11'),
(2, 16, '2018-11-23 18:04:21', '2018-11-23 18:04:21'),
(2, 17, '2018-11-23 18:27:15', '2018-11-23 18:27:15'),
(2, 19, '2018-11-23 20:18:15', '2018-11-23 20:18:15'),
(3, 5, '2018-11-18 13:26:16', '2018-11-18 13:26:16'),
(3, 6, '2018-11-18 13:29:28', '2018-11-18 13:29:28'),
(3, 7, '2018-11-18 13:43:35', '2018-11-18 13:43:35'),
(3, 13, '2018-11-18 15:09:08', '2018-11-18 15:09:08'),
(3, 15, '2018-11-23 17:15:21', '2018-11-23 17:15:21'),
(3, 16, '2018-11-23 18:04:21', '2018-11-23 18:04:21'),
(3, 17, '2018-11-23 18:27:15', '2018-11-23 18:27:15'),
(3, 18, '2018-11-23 18:52:41', '2018-11-23 18:52:41'),
(3, 19, '2018-11-23 20:18:15', '2018-11-23 20:18:15'),
(3, 20, '2018-11-23 20:35:28', '2018-11-23 20:35:28'),
(3, 21, '2018-11-23 20:47:59', '2018-11-23 20:47:59'),
(4, 5, '2018-11-18 13:26:16', '2018-11-18 13:26:16'),
(4, 6, '2018-11-18 13:29:28', '2018-11-18 13:29:28'),
(4, 7, '2018-11-18 13:43:35', '2018-11-18 13:43:35'),
(4, 13, '2018-11-18 15:09:08', '2018-11-18 15:09:08'),
(4, 14, '2018-11-20 17:05:11', '2018-11-20 17:05:11'),
(4, 18, '2018-11-23 18:52:41', '2018-11-23 18:52:41'),
(4, 20, '2018-11-23 20:35:28', '2018-11-23 20:35:28'),
(5, 5, '2018-11-18 13:26:16', '2018-11-18 13:26:16'),
(5, 6, '2018-11-18 13:29:28', '2018-11-18 13:29:28'),
(5, 13, '2018-11-18 15:09:08', '2018-11-18 15:09:08'),
(5, 15, '2018-11-23 17:15:21', '2018-11-23 17:15:21'),
(5, 16, '2018-11-23 18:04:21', '2018-11-23 18:04:21'),
(5, 20, '2018-11-23 20:35:28', '2018-11-23 20:35:28'),
(5, 21, '2018-11-23 20:47:59', '2018-11-23 20:47:59'),
(5, 22, '2018-11-23 21:01:57', '2018-11-23 21:01:57');

-- --------------------------------------------------------

--
-- Table structure for table `comments`
--

CREATE TABLE `comments` (
  `id` int(10) UNSIGNED NOT NULL,
  `detail` varchar(191) COLLATE utf8mb4_unicode_ci NOT NULL,
  `created_at` timestamp NULL DEFAULT NULL,
  `updated_at` timestamp NULL DEFAULT NULL,
  `user_id` int(10) UNSIGNED NOT NULL DEFAULT '1',
  `review_id` int(10) UNSIGNED NOT NULL DEFAULT '1'
) ENGINE=InnoDB DEFAULT CHARSET=utf8mb4 COLLATE=utf8mb4_unicode_ci;

--
-- Dumping data for table `comments`
--

INSERT INTO `comments` (`id`, `detail`, `created_at`, `updated_at`, `user_id`, `review_id`) VALUES
(38, 'ไปเมื่อเมษาที่ผ่านมาค่ะ สวยเหมือนเดิมเลย', '2018-11-22 21:02:54', '2018-11-22 21:02:54', 3, 5),
(39, 'น่าไปจังค่ะ ต้องแวะไปหน่อยแล้วศุกร์หน้า', '2018-11-23 18:17:29', '2018-11-23 18:17:29', 3, 15),
(40, 'นางแบบในรูปสวยมากครับ <3', '2018-11-23 19:10:01', '2018-11-23 19:10:01', 15, 17),
(41, 'มินเนียนนนนน', '2018-11-23 19:12:55', '2018-11-23 19:12:55', 15, 16),
(42, 'นางแบบสวยมากครับ XP', '2018-11-23 19:18:47', '2018-11-23 19:18:47', 15, 18),
(43, 'แสงสีจัดเต็มมากครับ น่าพาภรรยาไป', '2018-11-23 19:23:54', '2018-11-23 19:23:54', 15, 15),
(44, 'คอมเม้นต์ได้เลยนะค้าาา คราวหน้าตาลจะได้ปรับปรุงคอนเทนต์ให้ดีกว่าเดิม', '2018-11-23 20:19:09', '2018-11-23 20:19:09', 16, 19),
(45, 'เขียนละเอียดยิบ ๆ เลยนะครับ มือใหม่หัดรีวิว สู้ ๆ นะครับ', '2018-11-23 20:20:15', '2018-11-23 20:20:15', 1, 19),
(46, 'รีวิวละเอียดมากครับ อ่านแล้วอยากไประนองเลย :)', '2018-11-23 20:21:27', '2018-11-23 20:21:27', 15, 19),
(47, 'ทะเลสวยน่าไปมากค่าาาา <3', '2018-11-23 20:51:41', '2018-11-23 20:51:42', 16, 21),
(48, 'บาปมากค่า โพสต์ไม่ดูเวลาเลยยยยย 😠', '2018-11-23 21:05:52', '2018-11-23 21:05:52', 16, 22),
(49, 'งานดีมากครับ 🤭', '2018-11-23 21:07:37', '2018-11-23 21:07:37', 2, 17),
(50, 'เขียนดีมาก ๆ ครับสำหรับมือใหม่หัดเขียนรีวิว', '2018-11-23 21:39:53', '2018-11-23 21:39:53', 2, 19),
(51, 'หิวเลยยยย 🤤🤤🤤', '2018-11-24 06:04:02', '2018-11-24 06:04:02', 2, 22),
(52, 'น่ากินจังเลยครับ 💖💖', '2018-11-24 06:46:30', '2018-11-24 06:46:30', 19, 22),
(53, 'น่ากินมาก ๆ เลยค่ะ', '2018-11-24 08:38:54', '2018-11-24 08:38:54', 3, 22),
(54, 'งานดีจริง ๆ ค้าบบ 😛😛😛', '2018-11-24 10:20:13', '2018-11-24 10:20:13', 21, 17),
(55, 'ต้องจัดแล้วแหละ แบบนี้', '2018-11-24 10:23:16', '2018-11-24 10:23:16', 22, 22),
(56, 'น่าไปจังคะ\r\nว่าแต่คอมเม้นต์ข้างบนนี่อะไรกันคะ ? 😅😅😅', '2018-11-24 10:32:59', '2018-11-24 10:32:59', 23, 17),
(61, 'ไปกันหลายคนดูอบอุ่นดีนะคะ 😉', '2018-11-24 14:16:04', '2018-11-24 14:16:04', 3, 20),
(66, 'กล้องถ่ายภาพได้สวยมากครับ 👍👍👍', '2018-11-24 16:22:03', '2018-11-24 16:22:03', 7, 21);

-- --------------------------------------------------------

--
-- Table structure for table `migrations`
--

CREATE TABLE `migrations` (
  `id` int(10) UNSIGNED NOT NULL,
  `migration` varchar(191) COLLATE utf8mb4_unicode_ci NOT NULL,
  `batch` int(11) NOT NULL
) ENGINE=InnoDB DEFAULT CHARSET=utf8mb4 COLLATE=utf8mb4_unicode_ci;

--
-- Dumping data for table `migrations`
--

INSERT INTO `migrations` (`id`, `migration`, `batch`) VALUES
(1, '2014_10_12_000000_create_users_table', 1),
(2, '2014_10_12_100000_create_password_resets_table', 1),
(3, '2018_11_04_011301_create_reviews_table', 1),
(4, '2018_11_04_011634_create_trips_table', 1),
(5, '2018_11_04_011708_create_categories_table', 1),
(6, '2018_11_04_011756_create_comments_table', 1),
(7, '2018_11_04_011816_create_roles_table', 1),
(8, '2018_11_04_125249_add_role_id_to_users_table', 1),
(9, '2018_11_04_134642_add_user_id_to_reviews_table', 1),
(10, '2018_11_04_134901_add_user_id_to_comments_table', 1),
(11, '2018_11_04_135116_add_review_id_to_comments_table', 1),
(12, '2018_11_08_001617_create_provinces_table', 1),
(13, '2018_11_08_001840_add_province_id_to_reviews_table', 1),
(14, '2018_11_18_131514_add_user_id_to_trips_table', 1),
(15, '2018_11_18_131558_add_province_id_to_trips_table', 1);

-- --------------------------------------------------------

--
-- Table structure for table `password_resets`
--

CREATE TABLE `password_resets` (
  `email` varchar(191) COLLATE utf8mb4_unicode_ci NOT NULL,
  `token` varchar(191) COLLATE utf8mb4_unicode_ci NOT NULL,
  `created_at` timestamp NULL DEFAULT NULL
) ENGINE=InnoDB DEFAULT CHARSET=utf8mb4 COLLATE=utf8mb4_unicode_ci;

-- --------------------------------------------------------

--
-- Table structure for table `provinces`
--

CREATE TABLE `provinces` (
  `id` int(10) UNSIGNED NOT NULL,
  `name` varchar(191) COLLATE utf8mb4_unicode_ci NOT NULL,
  `created_at` timestamp NULL DEFAULT NULL,
  `updated_at` timestamp NULL DEFAULT NULL
) ENGINE=InnoDB DEFAULT CHARSET=utf8mb4 COLLATE=utf8mb4_unicode_ci;

--
-- Dumping data for table `provinces`
--

INSERT INTO `provinces` (`id`, `name`, `created_at`, `updated_at`) VALUES
(1, 'กระบี่', '2018-11-18 13:06:16', '2018-11-18 13:06:16'),
(2, 'กรุงเทพฯ', '2018-11-18 13:06:16', '2018-11-18 13:06:16'),
(3, 'กาญจนบุรี', '2018-11-18 13:06:16', '2018-11-18 13:06:16'),
(4, 'กาฬสินธุ์', '2018-11-18 13:06:16', '2018-11-18 13:06:16'),
(5, 'กำแพงเพชร', '2018-11-18 13:06:16', '2018-11-18 13:06:16'),
(6, 'ขอนแก่น', '2018-11-18 13:06:16', '2018-11-18 13:06:16'),
(7, 'จันทบุรี', '2018-11-18 13:06:16', '2018-11-18 13:06:16'),
(8, 'ฉะเชิงเทรา', '2018-11-18 13:06:16', '2018-11-18 13:06:16'),
(9, 'ชลบุรี', '2018-11-18 13:06:16', '2018-11-18 13:06:16'),
(10, 'ชัยนาท', '2018-11-18 13:06:16', '2018-11-18 13:06:16'),
(11, 'ชัยภูมิ', '2018-11-18 13:06:16', '2018-11-18 13:06:16'),
(12, 'ชุมพร', '2018-11-18 13:06:16', '2018-11-18 13:06:16'),
(13, 'เชียงราย', '2018-11-18 13:06:16', '2018-11-18 13:06:16'),
(14, 'เชียงใหม่', '2018-11-18 13:06:16', '2018-11-18 13:06:16'),
(15, 'ตรัง', '2018-11-18 13:06:16', '2018-11-18 13:06:16'),
(16, 'ตราด', '2018-11-18 13:06:16', '2018-11-18 13:06:16'),
(17, 'ตาก', '2018-11-18 13:06:16', '2018-11-18 13:06:16'),
(18, 'นครนายก', '2018-11-18 13:06:16', '2018-11-18 13:06:16'),
(19, 'นครปฐม', '2018-11-18 13:06:16', '2018-11-18 13:06:16'),
(20, 'นครพนม', '2018-11-18 13:06:16', '2018-11-18 13:06:16'),
(21, 'นครราชสีมา', '2018-11-18 13:06:16', '2018-11-18 13:06:16'),
(22, 'นครศรีธรรมราช', '2018-11-18 13:06:16', '2018-11-18 13:06:16'),
(23, 'นครสวรรค์', '2018-11-18 13:06:16', '2018-11-18 13:06:16'),
(24, 'นนทบุรี', '2018-11-18 13:06:16', '2018-11-18 13:06:16'),
(25, 'นราธิวาส', '2018-11-18 13:06:16', '2018-11-18 13:06:16'),
(26, 'น่าน', '2018-11-18 13:06:16', '2018-11-18 13:06:16'),
(27, 'บึงกาฬ', '2018-11-18 13:06:16', '2018-11-18 13:06:16'),
(28, 'บุรีรัมย์', '2018-11-18 13:06:16', '2018-11-18 13:06:16'),
(29, 'ปทุมธานี', '2018-11-18 13:06:16', '2018-11-18 13:06:16'),
(30, 'ประจวบคีรีขันธ์', '2018-11-18 13:06:16', '2018-11-18 13:06:16'),
(31, 'ปราจีนบุรี', '2018-11-18 13:06:16', '2018-11-18 13:06:16'),
(32, 'ปัตตานี', '2018-11-18 13:06:16', '2018-11-18 13:06:16'),
(33, 'พะเยา', '2018-11-18 13:06:16', '2018-11-18 13:06:16'),
(34, 'พระนครศรีอยุธยา', '2018-11-18 13:06:16', '2018-11-18 13:06:16'),
(35, 'พังงา', '2018-11-18 13:06:16', '2018-11-18 13:06:16'),
(36, 'พัทลุง', '2018-11-18 13:06:16', '2018-11-18 13:06:16'),
(37, 'พิจิตร', '2018-11-18 13:06:16', '2018-11-18 13:06:16'),
(38, 'พิษณุโลก', '2018-11-18 13:06:16', '2018-11-18 13:06:16'),
(39, 'เพชรบุรี', '2018-11-18 13:06:16', '2018-11-18 13:06:16'),
(40, 'เพชรบูรณ์', '2018-11-18 13:06:16', '2018-11-18 13:06:16'),
(41, 'แพร่', '2018-11-18 13:06:16', '2018-11-18 13:06:16'),
(42, 'ภูเก็ต', '2018-11-18 13:06:16', '2018-11-18 13:06:16'),
(43, 'มหาสารคาม', '2018-11-18 13:06:16', '2018-11-18 13:06:16'),
(44, 'มุกดาหาร', '2018-11-18 13:06:16', '2018-11-18 13:06:16'),
(45, 'แม่ฮ่องสอน', '2018-11-18 13:06:16', '2018-11-18 13:06:16'),
(46, 'ยโสธร', '2018-11-18 13:06:16', '2018-11-18 13:06:16'),
(47, 'ยะลา', '2018-11-18 13:06:16', '2018-11-18 13:06:16'),
(48, 'ร้อยเอ็ด', '2018-11-18 13:06:16', '2018-11-18 13:06:16'),
(49, 'ระนอง', '2018-11-18 13:06:16', '2018-11-18 13:06:16'),
(50, 'ระยอง', '2018-11-18 13:06:16', '2018-11-18 13:06:16'),
(51, 'ราชบุรี', '2018-11-18 13:06:16', '2018-11-18 13:06:16'),
(52, 'ลพบุรี', '2018-11-18 13:06:16', '2018-11-18 13:06:16'),
(53, 'ลำปาง', '2018-11-18 13:06:16', '2018-11-18 13:06:16'),
(54, 'ลำพูน', '2018-11-18 13:06:16', '2018-11-18 13:06:16'),
(55, 'เลย', '2018-11-18 13:06:16', '2018-11-18 13:06:16'),
(56, 'ศรีสะเกษ', '2018-11-18 13:06:16', '2018-11-18 13:06:16'),
(57, 'สกลนคร', '2018-11-18 13:06:16', '2018-11-18 13:06:16'),
(58, 'สงขลา', '2018-11-18 13:06:16', '2018-11-18 13:06:16'),
(59, 'สตูล', '2018-11-18 13:06:16', '2018-11-18 13:06:16'),
(60, 'สมุทรปราการ', '2018-11-18 13:06:16', '2018-11-18 13:06:16'),
(61, 'สมุทรสงคราม', '2018-11-18 13:06:16', '2018-11-18 13:06:16'),
(62, 'สมุทรสาคร', '2018-11-18 13:06:16', '2018-11-18 13:06:16'),
(63, 'สระแก้ว', '2018-11-18 13:06:16', '2018-11-18 13:06:16'),
(64, 'สระบุรี', '2018-11-18 13:06:16', '2018-11-18 13:06:16'),
(65, 'สิงห์บุรี', '2018-11-18 13:06:16', '2018-11-18 13:06:16'),
(66, 'สุโขทัย', '2018-11-18 13:06:16', '2018-11-18 13:06:16'),
(67, 'สุพรรณบุรี', '2018-11-18 13:06:16', '2018-11-18 13:06:16'),
(68, 'สุราษฎร์ธานี', '2018-11-18 13:06:16', '2018-11-18 13:06:16'),
(69, 'สุรินทร์', '2018-11-18 13:06:16', '2018-11-18 13:06:16'),
(70, 'หนองคาย', '2018-11-18 13:06:16', '2018-11-18 13:06:16'),
(71, 'หนองบัวลำภู', '2018-11-18 13:06:16', '2018-11-18 13:06:16'),
(72, 'อ่างทอง', '2018-11-18 13:06:16', '2018-11-18 13:06:16'),
(73, 'อำนาจเจริญ', '2018-11-18 13:06:16', '2018-11-18 13:06:16'),
(74, 'อุดรธานี', '2018-11-18 13:06:16', '2018-11-18 13:06:16'),
(75, 'อุตรดิตถ์', '2018-11-18 13:06:16', '2018-11-18 13:06:16'),
(76, 'อุทัยธานี', '2018-11-18 13:06:16', '2018-11-18 13:06:16'),
(77, 'อุบลราชธานี', '2018-11-18 13:06:16', '2018-11-18 13:06:16');

-- --------------------------------------------------------

--
-- Table structure for table `reviews`
--

CREATE TABLE `reviews` (
  `id` int(10) UNSIGNED NOT NULL,
  `title` varchar(191) COLLATE utf8mb4_unicode_ci NOT NULL,
  `body` text COLLATE utf8mb4_unicode_ci NOT NULL,
  `cover_image` varchar(191) COLLATE utf8mb4_unicode_ci DEFAULT NULL,
  `view` int(11) NOT NULL DEFAULT '0',
  `created_at` timestamp NULL DEFAULT NULL,
  `updated_at` timestamp NULL DEFAULT NULL,
  `published_at` timestamp NULL DEFAULT NULL,
  `newcomment_at` timestamp NOT NULL DEFAULT CURRENT_TIMESTAMP,
  `user_id` int(10) UNSIGNED NOT NULL DEFAULT '1',
  `province_id` int(10) UNSIGNED NOT NULL DEFAULT '1'
) ENGINE=InnoDB DEFAULT CHARSET=utf8mb4 COLLATE=utf8mb4_unicode_ci;

--
-- Dumping data for table `reviews`
--

INSERT INTO `reviews` (`id`, `title`, `body`, `cover_image`, `view`, `created_at`, `updated_at`, `published_at`, `newcomment_at`, `user_id`, `province_id`) VALUES
(5, 'มัลดีฟเมืองไทยมั๊ยล่ะเธอออ', '<p style=\"text-align:center\"><span style=\"color:#2980b9\"><span style=\"font-size:24px\">เกาะจิก จันทบุรี ที่พักกลางน้ำสุดชิล</span></span></p>\r\n\r\n<p style=\"text-align:center\">&nbsp;</p>\r\n\r\n<p style=\"text-align:center\"><img alt=\"\" src=\"https://fridayvacation.com/pic/coverpic/s113.jpg\" style=\"max-width:960px; width:720px\" /></p>\r\n\r\n<h5>&nbsp;</h5>\r\n\r\n<p style=\"text-align:justify\"><span style=\"font-size:16px\"><span style=\"color:#3498db\">&nbsp; &nbsp; &nbsp;</span></span><span style=\"font-size:18px\"><span style=\"color:#3498db\">แอดมินจะมาแนะนำที่พักสไตล์มัลดีฟเมืองอีกที่นึงครับ ตั้งอยู่ที่ จ. จันทบุรี เอง ที่นี่คือ เกาะจิกรีสอร์ท เกาะจิกอยู่บริเวณปากอ่าวแม่น้ำเวฬุเป็นเกาะเล็กๆ ที่มีคนอาศัยอยู่ไม่มาก บรรยากาศสงบ มีความเป็นส่วนตัว คลื่นสงบ ลมเย็น อุดมสมบูรณ์ไปด้วยสัตว์น้ำทางทะเล เหมาะสำหรับคนรักธรรมชาติอย่างแท้จริง&nbsp;ห้องพักจะมีให้เลือกอยู่ 2 แบบ คือ&nbsp;บ้านไม้ที่ยื่นแแกไปในทะเล มีทั้งหมด 8 หลัง มีทั้งแบบ พัดลม และแบบแอร์ สำหรับแบบแอร์จะมีค่าบริการเพิ่ม 500 บาท และต้องแจ้งก่อนที่จะเข้าพัก เพราะทางรีสอร์ตจะได้ปั่นไฟรอไว้ให้ และแอร์เปิด-ปิด ตามเวลา อีกโซนคือ บ้านพักบนเขา เหมาะสำหรับมากันเป็นครอบครัว หรือหมู่คณะที่มีคนเยอะๆ&nbsp;เกาะจิกไม่มีร้านอาหาร หรือร้านสะดวกซื้อ ต้องเตรียมอาหาร หรือของสดมาทำเอง โดยทางรีสอร์ตจะมีเครื่องครัว จาน ชาม ช้อน เตาแก๊สไว้ให้ใช้ แต่ถ้าหากใครไม่สะดวกทำเอง สามารถสั่งอาหารกับทางรีสอร์ทไว้ล่วงหน้า หรือซื้อแพคเกจ อาหารพร้อมที่พัก พร้อมทริปท่องเที่ยว แบบอาหารชุด ผลไม้ตามฤดูกาลไว้ได้ โดยอาหารที่เตรียมไว้ให้จะเป็นอาหารเย็นเซ็ตซีฟู้ดจ้า&nbsp;</span></span></p>\r\n\r\n<p style=\"text-align:justify\"><span style=\"font-size:18px\"><span style=\"color:#3498db\">&nbsp; &nbsp; &nbsp; &nbsp; &nbsp; &nbsp; &nbsp;การเดินทางโดยละเอียดครับ การเดินทางมา เกาะจิกรีสอร์ท จากกรุงเทพ-มอเตอร์เวย์ ลงบ้านบึง มุ่งหน้า อำเภอแกลง 90 กิโลเมตร เลี้ยวซ้าย ถนนสุขุมวิทมุ่งหน้าจังหวัดจันทบุรี 60 กิโลเมตร ถึงสามแยกจันทบุรีเลี้ยวขวามุ่งหน้าจังหวัดตราด 60 กิโลเมตร ถึงสามแยกเลี้ยวขวามุ่งหน้าอำเภอแหลมงอบ 13 กิโลเมตร (ไปทางท่าเรือเกาะช้างเฟอร์รี่) จากนั้นเลี้ยวขวา ตรงสามแยกอ่างกระป่อง (ป้ายเกาะจิกรีสอร์ท)ไปทางอ่างกระป่อง 3 กิโลเมตร แล้วเลี้ยวขวา ตรงป้ายเกาะจิกรีสอร์ท ตรงเข้าไปที่ท่าเรืออ่างกระป่อง ประมาณ 300 เมตร ตรงไปจนสุดท่าเรือ โดยสามารถจอดรถได้ที่จุดรับฝากรถ จากนั้นลงเรือเพื่อเดินทางไปเกาะจิกรีสอร์ท ค่าโดยสารตกคนละ 80-100บาท/คน หรือถ้ามาเป็นหมู่คณะสามารถเหมาเรือได้ในราคา 500-800บาท/เที่ยว ใช้เวลาประมาณ 15 นาที ก็จะถึงที่หมาย&nbsp;</span></span></p>\r\n\r\n<p style=\"text-align:justify\"><span style=\"font-size:18px\"><span style=\"color:#3498db\">Cr. ขอขอบคุณข้อมูลและรูปภาพทั้งหมด ซึ่งเป็นลิขสิทธ์ของเพจ TravelNavigator ครับผม</span></span></p>\r\n\r\n<p>&nbsp;</p>\r\n\r\n<p style=\"text-align:center\"><span style=\"font-size:18px\"><img alt=\"\" src=\"https://fridayvacation.com//pic/113/2.jpg\" style=\"max-width:960px; width:720px\" /></span><br />\r\n&nbsp;</p>\r\n\r\n<p style=\"text-align:center\"><span style=\"font-size:18px\"><img alt=\"\" src=\"https://fridayvacation.com//pic/113/3.jpg\" style=\"max-width:960px; width:720px\" /></span></p>\r\n\r\n<p style=\"text-align:center\">&nbsp;</p>\r\n\r\n<p style=\"text-align:center\"><span style=\"font-size:18px\"><img alt=\"\" src=\"https://fridayvacation.com//pic/113/4.jpg\" style=\"max-width:960px; width:720px\" /></span></p>\r\n\r\n<p style=\"text-align:center\">&nbsp;</p>\r\n\r\n<p style=\"text-align:center\"><span style=\"font-size:18px\"><img alt=\"\" src=\"https://fridayvacation.com//pic/113/5.jpg\" style=\"max-width:960px; width:720px\" /></span></p>\r\n\r\n<p style=\"text-align:center\">&nbsp;</p>\r\n\r\n<p style=\"text-align:center\"><span style=\"font-size:18px\"><img alt=\"\" src=\"https://fridayvacation.com//pic/113/15.jpg\" style=\"max-width:960px; width:720px\" /></span></p>\r\n\r\n<p style=\"text-align:center\">&nbsp;</p>\r\n\r\n<p style=\"text-align:center\"><span style=\"font-size:18px\"><img alt=\"\" src=\"https://fridayvacation.com//pic/113/23.jpg\" style=\"max-width:960px; width:720px\" /></span></p>', 'img/reviews/20181118-202616-jun.jpg', 85, '2018-11-18 13:26:16', '2018-11-24 10:06:33', '2018-11-13 17:00:00', '2018-11-23 19:04:35', 1, 7),
(6, 'เสม็ดนางชี แสงแรงแห่งทะเลอันดามัน', '<p style=\"text-align:justify\"><span style=\"font-size:16px\"><span style=\"color:#3498db\">&nbsp; &nbsp; </span></span><span style=\"font-size:18px\"><span style=\"color:#3498db\">คิดว่าหลายคนคงรู้จักสถานที่แห่งนี้เป็นอย่างดี &quot;เสม็ดนางชี&quot;&nbsp;พื้นที่ที่อุดมด้วยป่าโกงกางผืนใหญ่ กับจุดชมวิวพระอาทิตย์ขึ้นจากทะเล บนภูเขาสูง ซึ่งเปิดตัวมา 2 ปีกว่า จากจุดชมวิวเสม็ดนางชี ถ้าเราขับเลยมาอีกหน่อยจะเจอที่พักบนเนินเขาเปิดใหม่&nbsp;ชื่อว่า Sametnangshe boutique เสม็ดนางชีบูทีค&nbsp;วิวจากที่นี่ก็สวยงามไม่แพ้จุดชมวิวดั้งเดิมเลย&nbsp;ผมได้มีโอกาสไปนอนหลายครั้ง จึงเก็บรูปพระอาทิตย์ขึ้นสวยๆมาฝากกัน&nbsp;รวมถึงโซนต่างๆของที่พักด้วยครับ ซึ่งที่นี่จะเป็นการนอนเต็นท์อย่างเดียวครับ แต่ไม่ต้องห่วงว่าจะลำบาก เพราะเค้ากางบนพื้นที่ยกขึ้นมาสำหรับกางเต็นท์ แถมมีปลั๊กไฟและพัดลมให้พร้อม&nbsp;ที่นี่ลมแรงอากาศกลางคืนไม่ร้อนครับ ห้องน้ำก็สะดวกสบาย แยกห้องอาบน้ำ&nbsp;ราคาของเต็นมี 3 ราคาคือ 600, 800, 1200 ตามจำนวนคน &nbsp;ราคาที่พักไม่รวมอาหารเช้า&nbsp;แต่เค้ามีร้านอาหารบริการตลอดทั้งวันจนถึงกลางคืน&nbsp;วิวจากร้านอาหารตอนเช้าสวยแบบว่าสุดๆครับ ต้องรีบตื่นนิดนึงจะได้นั่งทำเลสวยๆ &nbsp;เราสามารถชมวิวพระอาทิตย์ขึ้นตอนเช้าได้ทันทีที่เปิดเต็นท์ วิวอลังการสุดๆ &nbsp;ลองไปดูรูปกันเลยละกันครับ ที่นี่ถือเป็นอีก 1 สถานที่ที่ควรมาเยือนสักครั้ง &nbsp;สำหรับใครที่จะสำรองที่พักสามารถติดต่อได้ที่เพจที่พักเลยนะครับ ทางผมไม่ได้รับจองเน้อออ</span></span></p>\r\n\r\n<p style=\"text-align:center\">&nbsp;</p>\r\n\r\n<p style=\"text-align:center\"><span style=\"font-size:24px\"><span style=\"color:#2980b9\"><img alt=\"\" src=\"https://fridayvacation.com//pic/72/2.jpg\" style=\"max-width:960px; width:720px\" /></span></span></p>\r\n\r\n<p style=\"text-align:center\">&nbsp;</p>\r\n\r\n<p style=\"text-align:center\"><span style=\"font-size:24px\"><span style=\"color:#2980b9\"><img alt=\"\" src=\"https://fridayvacation.com//pic/72/3.jpg\" style=\"max-width:960px; width:720px\" /></span></span></p>\r\n\r\n<p style=\"text-align:center\">&nbsp;</p>\r\n\r\n<p style=\"text-align:center\"><span style=\"font-size:24px\"><span style=\"color:#2980b9\"><img alt=\"\" src=\"https://fridayvacation.com//pic/72/4.jpg\" style=\"max-width:960px; width:720px\" /></span></span></p>\r\n\r\n<p style=\"text-align:center\">&nbsp;</p>\r\n\r\n<p style=\"text-align:center\"><span style=\"font-size:24px\"><span style=\"color:#2980b9\"><img alt=\"\" src=\"https://fridayvacation.com//pic/72/5.jpg\" style=\"max-width:960px; width:720px\" /></span></span></p>\r\n\r\n<p style=\"text-align:center\">&nbsp;</p>\r\n\r\n<p style=\"text-align:center\"><span style=\"font-size:24px\"><span style=\"color:#2980b9\"><img alt=\"\" src=\"https://fridayvacation.com//pic/72/6.jpg\" style=\"max-width:960px; width:720px\" /></span></span></p>\r\n\r\n<p style=\"text-align:center\">&nbsp;</p>\r\n\r\n<p style=\"text-align:center\"><span style=\"font-size:24px\"><span style=\"color:#2980b9\"><img alt=\"\" src=\"https://fridayvacation.com//pic/72/7.jpg\" style=\"max-width:960px; width:720px\" /></span></span></p>\r\n\r\n<p style=\"text-align:center\">&nbsp;</p>\r\n\r\n<p style=\"text-align:center\"><span style=\"font-size:24px\"><span style=\"color:#2980b9\"><img alt=\"\" src=\"https://fridayvacation.com//pic/72/8.jpg\" style=\"max-width:960px; width:720px\" /></span></span></p>\r\n\r\n<p style=\"text-align:center\">&nbsp;</p>\r\n\r\n<p style=\"text-align:center\"><span style=\"font-size:24px\"><span style=\"color:#2980b9\"><img alt=\"\" src=\"https://fridayvacation.com//pic/72/9.jpg\" style=\"max-width:960px; width:720px\" /></span></span></p>\r\n\r\n<p style=\"text-align:center\">&nbsp;</p>\r\n\r\n<p style=\"text-align:center\"><span style=\"font-size:24px\"><span style=\"color:#2980b9\"><img alt=\"\" src=\"https://fridayvacation.com//pic/72/10.jpg\" style=\"max-width:960px; width:720px\" /></span></span></p>\r\n\r\n<p style=\"text-align:center\">&nbsp;</p>\r\n\r\n<p style=\"text-align:center\"><span style=\"font-size:24px\"><span style=\"color:#2980b9\"><img alt=\"\" src=\"https://fridayvacation.com//pic/72/11.jpg\" style=\"max-width:960px; width:720px\" /></span></span></p>\r\n\r\n<p style=\"text-align:center\">&nbsp;</p>\r\n\r\n<p><span style=\"font-size:16px\"><span style=\"color:#3498db\">#จุดชมวิวพระอาทิตย์ขึ้นที่สวยสุดของทะเลอันดามัน&nbsp;<br />\r\n#ที่พักหลักร้อยวิวหลักล้านแห่งเมืองพังงา</span></span></p>\r\n\r\n<div class=\"col-md-4 col-md-offset-4 col-xs-12 cta-button text-center\" style=\"text-align:center\">&nbsp;</div>\r\n\r\n<div class=\"col-md-4 col-md-offset-4 col-xs-12 cta-button text-center\" style=\"text-align:center\"><a class=\"btn btn-lg btn-color\" href=\"https://www.google.co.th/search?tbm=lcl&amp;ei=XlkcW8OeFsr5rQHhwIeYBA&amp;q=%E0%B9%80%E0%B8%AA%E0%B8%A1%E0%B9%87%E0%B8%94%E0%B8%99%E0%B8%B2%E0%B8%87%E0%B8%8A%E0%B8%B5+%E0%B8%9A%E0%B8%B9%E0%B8%97%E0%B8%B5%E0%B8%84&amp;oq=%E0%B9%80%E0%B8%AA%E0%B8%A1%E0%B9%87%E0%B8%94%E0%B8%99%E0%B8%B2%E0%B8%87%E0%B8%8A%E0%B8%B5+%E0%B8%9A%E0%B8%B9%E0%B8%97%E0%B8%B5%E0%B8%84&amp;gs_l=psy-ab.3...0.0.0.9801.0.0.0.0.0.0.0.0..0.0....0...1c..64.psy-ab..0.0.0....0.vwOr6RhN7NI#rlfi=hd:;si:14353314160791290894;mv:!1m3!1d41.131830411374985!2d98.44765330000001!3d8.23732025!2m3!1f0!2f0!3f0!3m2!1i1!2i2!4f13.1\" target=\"_blank\">เส้นทางใน Google Map</a></div>\r\n\r\n<p>&nbsp;</p>\r\n\r\n<p>&nbsp;</p>', 'img/reviews/20181118-202928-samed.jpg', 83, '2018-11-18 13:29:28', '2018-11-24 10:06:54', '2018-11-07 17:00:00', '2018-11-23 19:04:35', 1, 35),
(7, 'ล่องแพบ้านวังหอน น้ำใสแจ๋ว', '<p style=\"text-align:justify\">&nbsp; &nbsp; &nbsp;<span style=\"font-size:18px\"><span style=\"color:#3498db\">ล่องแพบ้านวังหอน อ. ชะอวด นครศรีธรรมราช ถือเป็นอีก 1 สถานที่ท่องเที่ยวชื่อดังของเมืองคอน ด้วยความใสของลำธารที่เป็นสีฟ้าอมเขียว อีกทั้งยังเย็นชื่นใจเมื่อได้สัมผัส ทำให้หลายๆคนมักจะชวนเพื่อนฝูง ครอบครัวมาพักผ่อนวันในวันหยุดกันที่นี่ นอกจากจะมีบริการเล่นน้ำคลอง และล่องแพไปตามสายน้ำแบบชิลๆแล้ว ที่นี่ก็ยังมีอาหารพื้นบ้านรสชาติอร่อย และที่พักสไตล์โฮมสเตย์ไว้บริการด้วย ซึ่งสามารถติดต่อได้ตามลิงค์ที่ผมแนบไว้เลยครับ สำหรับการเดินทางก็ง่ายมากๆเลย เพราะสามารถตั้ง google map มาถึงที่เลย ที่นี่จะอยู่สเ้นทางเดียวกับล่องแก่งหนานมดแดงเลยครับ แต่จะเลยเข้ามาข้างในอีก จะต้องผ่านอ่างเก็บน้ำก่อนเน้อ</span></span></p>\r\n\r\n<p style=\"text-align:justify\">&nbsp;</p>\r\n\r\n<p style=\"text-align:center\"><span style=\"font-size:16px\"><span style=\"color:#3498db\"><img alt=\"\" src=\"https://scontent.fbkk2-7.fna.fbcdn.net/v/t1.0-9/35521339_2056338731287096_2280925992669151232_n.jpg?_nc_cat=101&amp;_nc_ht=scontent.fbkk2-7.fna&amp;oh=c62c68703e736831599564927ddd979f&amp;oe=5C743E64\" style=\"max-width:960px; width:720px\" /></span></span></p>\r\n\r\n<p style=\"text-align:center\">&nbsp;</p>\r\n\r\n<p style=\"text-align:center\"><span style=\"font-size:16px\"><span style=\"color:#3498db\"><img alt=\"\" src=\"https://scontent.fbkk2-8.fna.fbcdn.net/v/t1.0-9/35489431_2056350067952629_6172539080107098112_o.jpg?_nc_cat=102&amp;_nc_ht=scontent.fbkk2-8.fna&amp;oh=010f287567d9fb3d7975b75897024f8c&amp;oe=5C7231B4\" style=\"max-width:960px; width:720px\" /></span></span></p>\r\n\r\n<p style=\"text-align:center\">&nbsp;</p>\r\n\r\n<p style=\"text-align:center\"><img alt=\"\" src=\"https://scontent.fbkk2-7.fna.fbcdn.net/v/t1.0-9/35629375_2056350214619281_7663859975634026496_o.jpg?_nc_cat=111&amp;_nc_ht=scontent.fbkk2-7.fna&amp;oh=87da16a800e8d16e9f1ced2fe96af3c7&amp;oe=5C6B628E\" style=\"max-width:960px; width:720px\" /></p>\r\n\r\n<p style=\"text-align:center\">&nbsp;</p>\r\n\r\n<p style=\"text-align:center\"><img alt=\"\" src=\"https://scontent.fbkk2-8.fna.fbcdn.net/v/t1.0-9/35439638_2056350237952612_7471762503848951808_o.jpg?_nc_cat=105&amp;_nc_ht=scontent.fbkk2-8.fna&amp;oh=7fdc956b81d6b339693cc70b551d6dad&amp;oe=5C774A90\" style=\"max-width:960px; width:720px\" /></p>\r\n\r\n<p style=\"text-align:center\">&nbsp;</p>\r\n\r\n<p><span style=\"font-size:18px\"><a href=\"https://www.facebook.com/hashtag/%E0%B8%A7%E0%B8%B1%E0%B8%99%E0%B8%AB%E0%B8%A2%E0%B8%B8%E0%B8%94%E0%B9%83%E0%B8%84%E0%B8%A3%E0%B9%84%E0%B8%A1%E0%B9%88%E0%B8%A1%E0%B8%B5%E0%B9%81%E0%B8%9E%E0%B8%A5%E0%B8%99%E0%B9%84%E0%B8%9B%E0%B9%84%E0%B8%AB%E0%B8%99%E0%B8%81%E0%B9%87%E0%B8%A5%E0%B8%AD%E0%B8%87%E0%B8%8A%E0%B8%A7%E0%B8%99%E0%B9%80%E0%B8%9E%E0%B8%B7%E0%B9%88%E0%B8%AD%E0%B8%99%E0%B9%86%E0%B9%84%E0%B8%9B%E0%B8%A5%E0%B9%88%E0%B8%AD%E0%B8%87%E0%B9%81%E0%B8%9E%E0%B8%8A%E0%B8%B4%E0%B8%A5%E0%B9%86%E0%B8%94%E0%B8%B9%E0%B8%99%E0%B9%89%E0%B8%B2%E0%B8%B2?source=feed_text&amp;__xts__%5B0%5D=68.ARD_eYW-GsLgxnQOPKVurA4yzP2P-8XKscANGQ-4D9aO99TW0BX0v7ncgZyi8bBcwENP5awiNDShs4pD-O--QRRK5GCtHUpZdSTAcsiM_M4VJ1L0NkiLjY7d3nnBj2qYxSeVK3nGSNDOZrIXDwinLWha-eWavjbe5RblKA3qRlE57kYHpmr5OIWOIAAtWIpLTlZUcyeKPcgzeTgLJ621r-9pA_UkVORXP3EkelyzE1IJbLRrW_iwzgB0ebDXruuP5N_3OgbVrW7CHNmhJUGPNcJSeC9o666X_NsPndTjeLodFePoUSMfp0q2mawCQW9e_MhFHqw&amp;__tn__=%2ANK-R\"><span style=\"color:#3498db\">#วันหยุดใครไม่มีแพลนไปไหนก็ลองชวนเพื่อนๆไปล่องแพชิลๆดูน้าา</span></a><span style=\"color:#3498db\">&nbsp;</span><a href=\"https://www.facebook.com/hashtag/%E0%B9%80%E0%B8%97%E0%B8%B5%E0%B9%88%E0%B8%A2%E0%B8%A7%E0%B9%80%E0%B8%AD%E0%B8%87%E0%B9%80%E0%B8%AD%E0%B8%AD%E0%B9%80%E0%B8%AD%E0%B8%87?source=feed_text&amp;__xts__%5B0%5D=68.ARD_eYW-GsLgxnQOPKVurA4yzP2P-8XKscANGQ-4D9aO99TW0BX0v7ncgZyi8bBcwENP5awiNDShs4pD-O--QRRK5GCtHUpZdSTAcsiM_M4VJ1L0NkiLjY7d3nnBj2qYxSeVK3nGSNDOZrIXDwinLWha-eWavjbe5RblKA3qRlE57kYHpmr5OIWOIAAtWIpLTlZUcyeKPcgzeTgLJ621r-9pA_UkVORXP3EkelyzE1IJbLRrW_iwzgB0ebDXruuP5N_3OgbVrW7CHNmhJUGPNcJSeC9o666X_NsPndTjeLodFePoUSMfp0q2mawCQW9e_MhFHqw&amp;__tn__=%2ANK-R\"><span style=\"color:#3498db\">#เที่ยวเองเออเอง</span></a><span style=\"color:#3498db\">&nbsp;</span><a href=\"https://www.facebook.com/hashtag/%E0%B9%80%E0%B8%97%E0%B8%B5%E0%B9%88%E0%B8%A2%E0%B8%A7%E0%B8%99%E0%B8%84%E0%B8%A3%E0%B8%A8%E0%B8%A3%E0%B8%B5?source=feed_text&amp;__xts__%5B0%5D=68.ARD_eYW-GsLgxnQOPKVurA4yzP2P-8XKscANGQ-4D9aO99TW0BX0v7ncgZyi8bBcwENP5awiNDShs4pD-O--QRRK5GCtHUpZdSTAcsiM_M4VJ1L0NkiLjY7d3nnBj2qYxSeVK3nGSNDOZrIXDwinLWha-eWavjbe5RblKA3qRlE57kYHpmr5OIWOIAAtWIpLTlZUcyeKPcgzeTgLJ621r-9pA_UkVORXP3EkelyzE1IJbLRrW_iwzgB0ebDXruuP5N_3OgbVrW7CHNmhJUGPNcJSeC9o666X_NsPndTjeLodFePoUSMfp0q2mawCQW9e_MhFHqw&amp;__tn__=%2ANK-R\"><span style=\"color:#3498db\">#เที่ยวนครศรี</span></a><span style=\"color:#3498db\">&nbsp;</span><a href=\"https://www.facebook.com/hashtag/%E0%B8%A5%E0%B9%88%E0%B8%AD%E0%B8%87%E0%B9%81%E0%B8%9E%E0%B8%9A%E0%B9%89%E0%B8%B2%E0%B8%99%E0%B8%A7%E0%B8%B1%E0%B8%87%E0%B8%AB%E0%B8%AD%E0%B8%99?source=feed_text&amp;__xts__%5B0%5D=68.ARD_eYW-GsLgxnQOPKVurA4yzP2P-8XKscANGQ-4D9aO99TW0BX0v7ncgZyi8bBcwENP5awiNDShs4pD-O--QRRK5GCtHUpZdSTAcsiM_M4VJ1L0NkiLjY7d3nnBj2qYxSeVK3nGSNDOZrIXDwinLWha-eWavjbe5RblKA3qRlE57kYHpmr5OIWOIAAtWIpLTlZUcyeKPcgzeTgLJ621r-9pA_UkVORXP3EkelyzE1IJbLRrW_iwzgB0ebDXruuP5N_3OgbVrW7CHNmhJUGPNcJSeC9o666X_NsPndTjeLodFePoUSMfp0q2mawCQW9e_MhFHqw&amp;__tn__=%2ANK-R\"><span style=\"color:#3498db\">#ล่องแพบ้านวังหอน</span></a><span style=\"color:#3498db\">&nbsp;</span><a href=\"https://www.facebook.com/hashtag/%E0%B8%97%E0%B8%B5%E0%B9%88%E0%B9%80%E0%B8%97%E0%B8%B5%E0%B9%88%E0%B8%A2%E0%B8%A7%E0%B8%99%E0%B8%84%E0%B8%A3?source=feed_text&amp;__xts__%5B0%5D=68.ARD_eYW-GsLgxnQOPKVurA4yzP2P-8XKscANGQ-4D9aO99TW0BX0v7ncgZyi8bBcwENP5awiNDShs4pD-O--QRRK5GCtHUpZdSTAcsiM_M4VJ1L0NkiLjY7d3nnBj2qYxSeVK3nGSNDOZrIXDwinLWha-eWavjbe5RblKA3qRlE57kYHpmr5OIWOIAAtWIpLTlZUcyeKPcgzeTgLJ621r-9pA_UkVORXP3EkelyzE1IJbLRrW_iwzgB0ebDXruuP5N_3OgbVrW7CHNmhJUGPNcJSeC9o666X_NsPndTjeLodFePoUSMfp0q2mawCQW9e_MhFHqw&amp;__tn__=%2ANK-R\"><span style=\"color:#3498db\">#ที่เที่ยวนคร</span></a><a href=\"https://www.facebook.com/hashtag/%E0%B8%A5%E0%B8%B3%E0%B8%98%E0%B8%B2%E0%B8%A3%E0%B8%99%E0%B9%89%E0%B8%B3%E0%B8%AA%E0%B8%B5%E0%B8%9F%E0%B9%89%E0%B8%B2?source=feed_text&amp;__xts__%5B0%5D=68.ARD_eYW-GsLgxnQOPKVurA4yzP2P-8XKscANGQ-4D9aO99TW0BX0v7ncgZyi8bBcwENP5awiNDShs4pD-O--QRRK5GCtHUpZdSTAcsiM_M4VJ1L0NkiLjY7d3nnBj2qYxSeVK3nGSNDOZrIXDwinLWha-eWavjbe5RblKA3qRlE57kYHpmr5OIWOIAAtWIpLTlZUcyeKPcgzeTgLJ621r-9pA_UkVORXP3EkelyzE1IJbLRrW_iwzgB0ebDXruuP5N_3OgbVrW7CHNmhJUGPNcJSeC9o666X_NsPndTjeLodFePoUSMfp0q2mawCQW9e_MhFHqw&amp;__tn__=%2ANK-R\"><span style=\"color:#3498db\">#ลำธารน้ำสีฟ้า</span></a><span style=\"color:#3498db\">&nbsp;</span><span style=\"color:#3498db\"><a href=\"https://www.facebook.com/hashtag/%E0%B8%9A%E0%B9%89%E0%B8%B2%E0%B8%99%E0%B8%A7%E0%B8%B1%E0%B8%87%E0%B8%AB%E0%B8%AD%E0%B8%99?source=feed_text&amp;__xts__%5B0%5D=68.ARD_eYW-GsLgxnQOPKVurA4yzP2P-8XKscANGQ-4D9aO99TW0BX0v7ncgZyi8bBcwENP5awiNDShs4pD-O--QRRK5GCtHUpZdSTAcsiM_M4VJ1L0NkiLjY7d3nnBj2qYxSeVK3nGSNDOZrIXDwinLWha-eWavjbe5RblKA3qRlE57kYHpmr5OIWOIAAtWIpLTlZUcyeKPcgzeTgLJ621r-9pA_UkVORXP3EkelyzE1IJbLRrW_iwzgB0ebDXruuP5N_3OgbVrW7CHNmhJUGPNcJSeC9o666X_NsPndTjeLodFePoUSMfp0q2mawCQW9e_MhFHqw&amp;__tn__=%2ANK-R\">#บ้านวังหอน</a>&nbsp;</span><a href=\"https://www.facebook.com/hashtag/%E0%B9%80%E0%B8%8A%E0%B9%87%E0%B8%84%E0%B8%AD%E0%B8%B4%E0%B8%99%E0%B9%81%E0%B8%AB%E0%B8%A5%E0%B9%88%E0%B8%87%E0%B8%99%E0%B9%89%E0%B8%B3%E0%B8%AA%E0%B8%B5%E0%B8%9F%E0%B9%89%E0%B8%B2%E0%B9%83%E0%B8%AA%E0%B9%83%E0%B8%99%E0%B9%80%E0%B8%A1%E0%B8%B7%E0%B8%AD%E0%B8%87%E0%B8%84%E0%B8%AD%E0%B8%99?source=feed_text&amp;__xts__%5B0%5D=68.ARD_eYW-GsLgxnQOPKVurA4yzP2P-8XKscANGQ-4D9aO99TW0BX0v7ncgZyi8bBcwENP5awiNDShs4pD-O--QRRK5GCtHUpZdSTAcsiM_M4VJ1L0NkiLjY7d3nnBj2qYxSeVK3nGSNDOZrIXDwinLWha-eWavjbe5RblKA3qRlE57kYHpmr5OIWOIAAtWIpLTlZUcyeKPcgzeTgLJ621r-9pA_UkVORXP3EkelyzE1IJbLRrW_iwzgB0ebDXruuP5N_3OgbVrW7CHNmhJUGPNcJSeC9o666X_NsPndTjeLodFePoUSMfp0q2mawCQW9e_MhFHqw&amp;__tn__=%2ANK-R\"><span style=\"color:#3498db\">#เช็คอินแหล่งน้ำสีฟ้าใสในเมืองคอน</span></a></span></p>\r\n\r\n<p><span style=\"font-size:18px\"><span style=\"color:#3498db\">ติดต่อที่พัก ล่องแพจ้า&nbsp;</span><a href=\"https://www.facebook.com/banwanghornraft99/?__xts__%5B0%5D=68.ARDlzmdbqDN4McqQUHL27uLTLhcuoZSlBNASGfLrb9Gc3N29s6u7TDhFlkBRue4AJ_uyMNcbJ_4nTccEP9v18LFQ0b9-3tMoAt71skkqdKTfDrGhYp-k9ixqjrlACCfdGjGIpzgpLcp28kAIhLO0_XpEC5LeYDa3HptFNKixzf10ADNGP5uuVCdmKsqfIJ2bNT3hHrp2GrztX7WeQAGGyEk2yDgFGpQ_9DtaIei4pyUOBt9ivVVZ5e-DqZ0v7GafGTyQVJyEtuYQRxXFDVeOxzKOc8kZ5KsADtShUs_niP-RRdFoQYwz_-zFe61pRNLlK4aQOR91EAA0QriuJrmqDD5E5uBBXgA-8JVzPOTlduYUnKVAIdg_O3wSVkXpSwCf8fyWYNTwkKupEQU53dhIDbueoPnar2tm3lgDeFo267mG3-WVNnVWo2tVfHZ57RCquHVuow0EWSuvjNrv_lNf4dPHwRcP8kOQd3AFhZia0tgTbkjwcS--FhIzWD5Tow&amp;__xts__%5B1%5D=68.ARD_eYW-GsLgxnQOPKVurA4yzP2P-8XKscANGQ-4D9aO99TW0BX0v7ncgZyi8bBcwENP5awiNDShs4pD-O--QRRK5GCtHUpZdSTAcsiM_M4VJ1L0NkiLjY7d3nnBj2qYxSeVK3nGSNDOZrIXDwinLWha-eWavjbe5RblKA3qRlE57kYHpmr5OIWOIAAtWIpLTlZUcyeKPcgzeTgLJ621r-9pA_UkVORXP3EkelyzE1IJbLRrW_iwzgB0ebDXruuP5N_3OgbVrW7CHNmhJUGPNcJSeC9o666X_NsPndTjeLodFePoUSMfp0q2mawCQW9e_MhFHqw&amp;__tn__=K-R&amp;eid=ARDDhWJODt442kR-1ULZtrbk_PEp20CIRsLvCWkbr6iXUzjGjjefFrKpq44eFV4gDWDYZpMJ8dewwGVW&amp;fref=mentions\"><span style=\"color:#3498db\">ล่องแพบ้านวังหอน Baan wang hon bamboorafting</span></a></span></p>', 'img/reviews/20181111-162103-nakhon.jpg', 28, '2018-11-18 13:43:35', '2018-11-24 08:24:11', '2018-11-11 17:00:00', '2018-11-23 19:04:35', 1, 22),
(8, 'ร้านกาแฟริมเขา Route 4015', '<p style=\"text-align:center\"><span style=\"font-size:18px\">&nbsp;<img alt=\"\" src=\"https://scontent.fbkk2-8.fna.fbcdn.net/v/t31.0-8/22859839_1803601069668983_5624545009106817221_o.jpg?_nc_cat=104&amp;_nc_ht=scontent.fbkk2-8.fna&amp;oh=eeb514b5e13be4f89e4ce38d34b22f2d&amp;oe=5C69CEA0\" style=\"max-width:960px; width:720px\" /></span></p>\r\n\r\n<p style=\"text-align:center\">&nbsp;</p>\r\n\r\n<p style=\"text-align:justify\">&nbsp; &nbsp; &nbsp;<span style=\"font-size:18px\"><span style=\"color:#3498db\">วันนี้ผมจะพาไปตะลอนบนถนนสายสีเขียว ทางหลวงหมายเลข 4015 ที่ตัดผ่านหุบเขาน้อยใหญของเทือกเขานครศรีธรรมราช ซึ่งรายล้อมไปด้วยสถานที่ท่องเที่ยว และร้านกาแฟวิวสวยๆอีกมากมาย อีกทั้งเป็นเส้นทางสายหลักเข้า คีรีวง หมู่บ้านกลางหุบเขาที่ว่ากันว่าอากาศดี๊ดีอีกด้วย </span></span></p>\r\n\r\n<p style=\"text-align:justify\">&nbsp; &nbsp; &nbsp;<span style=\"font-size:18px\"><span style=\"color:#3498db\">ผมจะพาไปแวะร้านกาแฟทั้งหมด 3 ร้าน เผื่อว่าใครอยู่ต่างจังหวัดแล้วมาเที่ยวเมืองคอนอยากได้พิกัดร้านกาแฟวิวชิลๆไว้นั่งคุย ถ่ายรูป กะเพื่อนๆ หรือคนคอนเองที่ยังไม่ได้เข้ามาเที่ยวบนเส้นทางสายนี้จะได้เข้ามาหาไรกินกัน โดยผมเริ่มต้นจาก ตัวเมืองลานสกา ถึง จุดชมวิวเขาธง ลำดับตามนี้ครับ บ้านเขากอด / ณ บ้านเล็กกลางหุบเขา / ชีวะโกวิว ส่วนรายละเอียดตามไปดูในรีวิวต่อได้เลยครับ </span></span></p>\r\n\r\n<p style=\"text-align:justify\"><span style=\"font-size:18px\"><span style=\"color:#3498db\">ปล. อีกไม่นานน่าจะมีร้านกาแฟน้องใหม่เปิดตัว ซึ่งมีความโดดเด่นไม่แพ้ร้านก่อนๆเลยครับ แล้วผมจะมาอัพเดตให้ในเว็บนะครับ</span></span></p>\r\n\r\n<p style=\"text-align:center\">&nbsp;</p>\r\n\r\n<p style=\"text-align:center\"><span style=\"font-size:18px\"><img alt=\"\" src=\"https://scontent.fbkk2-8.fna.fbcdn.net/v/t31.0-8/22859916_1803601179668972_4784721542258527651_o.jpg?_nc_cat=107&amp;_nc_ht=scontent.fbkk2-8.fna&amp;oh=a125fe3aa6bd2afa7f248c3246a38c0c&amp;oe=5C3BFCF6\" style=\"max-width:960px; width:720px\" /></span></p>\r\n\r\n<p style=\"text-align:center\"><span style=\"font-size:18px\"><span style=\"color:#3498db\">จุดเริ่มต้นของผมคือประตูสู่เมืองแห่งขุนเขาครับ ตัวเมืองลานสกา</span></span></p>\r\n\r\n<p style=\"text-align:center\">&nbsp;</p>\r\n\r\n<p style=\"text-align:center\"><span style=\"font-size:18px\"><span style=\"color:#3498db\"><img alt=\"\" src=\"https://scontent.fbkk2-7.fna.fbcdn.net/v/t31.0-8/22859770_1803601316335625_4586509701328076402_o.jpg?_nc_cat=111&amp;_nc_ht=scontent.fbkk2-7.fna&amp;oh=48117111831474a68ddb9528d22c51ca&amp;oe=5C779D76\" style=\"max-width:960px; width:720px\" /></span></span></p>\r\n\r\n<p style=\"text-align:center\">&nbsp;</p>\r\n\r\n<p style=\"text-align:center\"><span style=\"font-size:18px\"><span style=\"color:#3498db\"><img alt=\"\" src=\"https://scontent.fbkk2-8.fna.fbcdn.net/v/t31.0-8/23004479_1803601583002265_6246834832058021114_o.jpg?_nc_cat=104&amp;_nc_ht=scontent.fbkk2-8.fna&amp;oh=8117b88656304a2ef3dad4e9d38cec85&amp;oe=5C68FA3D\" style=\"max-width:960px; width:720px\" /></span></span></p>\r\n\r\n<p style=\"text-align:center\">&nbsp;</p>\r\n\r\n<p style=\"text-align:center\"><span style=\"font-size:18px\"><span style=\"color:#3498db\"><img alt=\"\" src=\"https://scontent.fbkk2-7.fna.fbcdn.net/v/t31.0-8/22904604_1803601646335592_145006078526717271_o.jpg?_nc_cat=101&amp;_nc_ht=scontent.fbkk2-7.fna&amp;oh=b192533964ac13606e11eba785f5a279&amp;oe=5C8A9E65\" style=\"max-width:960px; width:720px\" /></span></span></p>\r\n\r\n<p style=\"text-align:center\">&nbsp;</p>\r\n\r\n<p style=\"text-align:center\"><span style=\"font-size:18px\"><span style=\"color:#3498db\"><img alt=\"\" src=\"https://scontent.fbkk2-7.fna.fbcdn.net/v/t31.0-8/22905031_1803601666335590_8979818253479199204_o.jpg?_nc_cat=106&amp;_nc_ht=scontent.fbkk2-7.fna&amp;oh=ca025077600e571935c228e79edaaf68&amp;oe=5C888256\" style=\"max-width:960px; width:720px\" /></span></span></p>\r\n\r\n<p style=\"text-align:center\">&nbsp;</p>\r\n\r\n<p style=\"text-align:center\"><span style=\"font-size:18px\"><span style=\"color:#3498db\"><img alt=\"\" src=\"https://scontent.fbkk2-7.fna.fbcdn.net/v/t31.0-8/22829654_1803601699668920_2713135497570055249_o.jpg?_nc_cat=110&amp;_nc_ht=scontent.fbkk2-7.fna&amp;oh=31d5fe9e83e76f57d7833729a90cb46e&amp;oe=5C7A7770\" style=\"max-width:960px; width:720px\" /></span></span></p>\r\n\r\n<p style=\"text-align:center\">&nbsp;</p>\r\n\r\n<p style=\"text-align:center\"><span style=\"font-size:18px\"><span style=\"color:#3498db\"><img alt=\"\" src=\"https://scontent.fbkk2-8.fna.fbcdn.net/v/t31.0-8/22904745_1803601756335581_4172735429148481030_o.jpg?_nc_cat=103&amp;_nc_ht=scontent.fbkk2-8.fna&amp;oh=f43693995452f04cc159eb083fb725c6&amp;oe=5C8462E1\" style=\"max-width:960px; width:720px\" /></span></span></p>\r\n\r\n<p style=\"text-align:center\">&nbsp;</p>\r\n\r\n<p style=\"text-align:center\"><span style=\"font-size:18px\"><span style=\"color:#3498db\"><img alt=\"\" src=\"https://scontent.fbkk2-8.fna.fbcdn.net/v/t31.0-8/22861646_1803602099668880_7571183562882687575_o.jpg?_nc_cat=102&amp;_nc_ht=scontent.fbkk2-8.fna&amp;oh=04f81d7381f4fd850a65edcac37fae3f&amp;oe=5C8AA325\" style=\"max-width:960px; width:720px\" /></span></span></p>\r\n\r\n<p style=\"text-align:center\"><span style=\"font-size:18px\"><span style=\"color:#3498db\">ขับรถออกจากร้านแรกมาอีกสักพัก จะเจอร้านกาแฟบริเวณหัวโค้ง ชื่อว่า ณ บ้านเล็กกลางหุบเขา สังเกตง่ายๆคือ รถจอดเยอะมาก</span></span></p>\r\n\r\n<p style=\"text-align:center\">&nbsp;</p>\r\n\r\n<p style=\"text-align:center\"><span style=\"font-size:18px\"><img alt=\"\" src=\"https://scontent.fbkk2-7.fna.fbcdn.net/v/t31.0-8/22829858_1803602536335503_5298665765322872752_o.jpg?_nc_cat=108&amp;_nc_ht=scontent.fbkk2-7.fna&amp;oh=99d91363c80865011e12f098210caf30&amp;oe=5C7483C8\" style=\"max-width:960px; width:720px\" /></span></p>\r\n\r\n<p style=\"text-align:center\">&nbsp;</p>\r\n\r\n<p style=\"text-align:center\"><span style=\"font-size:18px\"><img alt=\"\" src=\"https://scontent.fbkk2-7.fna.fbcdn.net/v/t31.0-8/23116641_1803602686335488_1343141570655393754_o.jpg?_nc_cat=108&amp;_nc_ht=scontent.fbkk2-7.fna&amp;oh=61a2dfbdf47a3c9beff69c3dc3da1e29&amp;oe=5C7A20FB\" style=\"max-width:960px; width:720px\" /></span></p>\r\n\r\n<p style=\"text-align:center\"><span style=\"font-size:18px\"><span style=\"color:#3498db\">ออกจากร้าน 2 ขับมาอีกพักใหญ่ จะเจอร้านกาแฟก่อนขึ้นเขาธง ชื่อว่า ชีวะโกวิว<br />\r\nป้ายใหญ่มาก ตัวของร้านกาแฟไม่ค่อยเด่นเท่าไหร่ แต่เค้ามีทางขึ้นไปชมวิวบนหน้าผาด้วย</span></span></p>\r\n\r\n<p style=\"text-align:center\">&nbsp;</p>\r\n\r\n<p style=\"text-align:center\"><span style=\"font-size:18px\"><span style=\"color:#3498db\"><img alt=\"\" src=\"https://scontent.fbkk2-8.fna.fbcdn.net/v/t31.0-8/23000325_1803602749668815_4613242969408507872_o.jpg?_nc_cat=107&amp;_nc_ht=scontent.fbkk2-8.fna&amp;oh=dc2b1baf172306d6fa7e2f1423acf269&amp;oe=5C7447DE\" style=\"max-width:960px; width:720px\" /></span></span></p>\r\n\r\n<p style=\"text-align:center\">&nbsp;</p>\r\n\r\n<p style=\"text-align:center\"><span style=\"font-size:18px\"><img alt=\"\" src=\"https://scontent.fbkk2-7.fna.fbcdn.net/v/t31.0-8/23000121_1803603096335447_8627512835271823487_o.jpg?_nc_cat=108&amp;_nc_ht=scontent.fbkk2-7.fna&amp;oh=3fafceb286539ce7d7bb64fd37ac66f4&amp;oe=5C3D59E6\" style=\"max-width:960px; width:720px\" /></span></p>\r\n\r\n<p style=\"text-align:center\"><span style=\"font-size:18px\"><span style=\"color:#3498db\">มาถึงปลายทางแล้วครับ จุดชมวิวเขาธง มีร้านกาแฟเล็กๆด้วย</span></span></p>\r\n\r\n<p style=\"text-align:center\">&nbsp;</p>\r\n\r\n<p style=\"text-align:center\"><span style=\"font-size:18px\"><img alt=\"\" src=\"https://scontent.fbkk2-8.fna.fbcdn.net/v/t31.0-8/22859712_1803603133002110_846762101271059936_o.jpg?_nc_cat=102&amp;_nc_ht=scontent.fbkk2-8.fna&amp;oh=c2584d43bebd407388c77eb0f55df4ce&amp;oe=5C7FEA4F\" style=\"max-width:960px; width:720px\" /></span></p>\r\n\r\n<p style=\"text-align:center\"><span style=\"font-size:18px\"><span style=\"color:#3498db\">ลากันไปด้วยมุมมหาชนของ เขาธง ครับ</span></span></p>', 'img/reviews/20181118-205607-coffee.jpg', 20, '2018-11-18 13:56:07', '2018-11-20 18:35:03', '2018-11-07 17:00:00', '2018-11-23 19:04:35', 1, 22),
(13, 'Hinoki Japan แดนเชียงใหม่', '<p style=\"text-align:center\"><span style=\"color:#2980b9\"><span style=\"font-size:24px\">ยกญี่ปุ่นมาไว้ในไทย ที่ Hinoki Land จ.เชียงใหม่ ถ่ายรูปมุมไหนก็สวย!</span></span></p>\r\n\r\n<p style=\"text-align:center\">&nbsp;</p>\r\n\r\n<p style=\"text-align:center\"><img alt=\"\" src=\"https://scontent.fbkk2-8.fna.fbcdn.net/v/t1.0-9/43271784_2242858769076542_3638795721664102400_o.jpg?_nc_cat=109&amp;_nc_ht=scontent.fbkk2-8.fna&amp;oh=844befaccc23913ab8110b12a9919045&amp;oe=5C831A31\" style=\"max-width:960px; width:720px\" /></p>\r\n\r\n<h5>&nbsp;</h5>\r\n\r\n<p style=\"text-align:justify\"><span style=\"font-size:16px\"><span style=\"color:#3498db\">&nbsp; &nbsp;</span></span><span style=\"font-size:18px\"><span style=\"color:#3498db\"> Hinoki Land เมืองญี่ปุ่นจำลอง ที่บ้านศรีดงเย็น ตำบลศรีดงเย็น อำเภอไชยปราการ จังหวัดเชียงใหม่ โดยพื้นที่เกือบ 100 ไร่ ถูกเนรมิตให้เป็นสิ่งปลูกสร้างสุดอลังการ เลียนแบบญี่ปุ่นเปี๊ยบ ไม่ว่าจะเป็นปราสาททอง เสาโทริอินับร้อยต้น โคมแดงยักษ์ หมู่บ้านโบราณ สวนเซ็น สระน้ำขนาดใหญ่ และ ปราสาทฮิโนกิ ซึ่งเป็นไฮไลท์สำคัญของที่นี่ สร้างจากไม้สนฮิโนกิทั้งหลัง เมื่อเข้าไปชมจะได้กลิ่นหอมจากไม้ตระกูลสนไซเพรสพันธุ์ญี่ปุ่นตลบอบอวลทั่วบ้าน </span></span></p>\r\n\r\n<p>&nbsp;</p>\r\n\r\n<p style=\"text-align:center\"><img alt=\"\" src=\"https://scontent.fbkk2-8.fna.fbcdn.net/v/t1.0-9/43346138_2242858795743206_4024273181123543040_o.jpg?_nc_cat=102&amp;_nc_ht=scontent.fbkk2-8.fna&amp;oh=c8f4082ee4d56c3dc80611cb59d5ca77&amp;oe=5C7F2915\" style=\"max-width:960px; width:720px\" /></p>\r\n\r\n<p style=\"text-align:center\">&nbsp;</p>\r\n\r\n<p style=\"text-align:justify\"><span style=\"font-size:16px\"><span style=\"color:#3498db\">&nbsp; &nbsp;<span style=\"font-size:18px\"><span style=\"color:#3498db\"> </span></span></span></span><span style=\"font-size:18px\"><span style=\"color:#3498db\">เท่านั้นยังไม่พอ เพิ่มความอินเข้าไปอีก ด้วยบริการเช่าชุดแต่งกายประจำชาติญี่ปุ่น กิโมโน และยูกาตะ มีให้เลือกหลากหลายรูปแบบทั้งชายหญิง ในราคาผู้ใหญ่ 350 บาท เด็ก 100 บาท ราคานี้รวมเสื้อผ้า กระเป๋า รองเท้า ดาบซามูไร พร็อพต่างๆ สำหรับถ่ายรูปแบบครบเซ็ท</span></span></p>\r\n\r\n<p><span style=\"font-size:16px\"><span style=\"color:#3498db\">&nbsp; &nbsp; &nbsp; &nbsp; &nbsp; &nbsp;</span></span></p>\r\n\r\n<p style=\"text-align:center\"><span style=\"font-size:16px\"><span style=\"color:#3498db\">&nbsp;</span></span><img alt=\"\" src=\"https://scontent.fbkk2-7.fna.fbcdn.net/v/t1.0-9/43266155_2242858892409863_8972583115415355392_o.jpg?_nc_cat=106&amp;_nc_ht=scontent.fbkk2-7.fna&amp;oh=c6389267308c28cce5c7f6485aa3350b&amp;oe=5C8890E4\" style=\"max-width:960px; width:720px\" /></p>\r\n\r\n<p style=\"text-align:center\">&nbsp;</p>\r\n\r\n<p style=\"text-align:justify\"><span style=\"font-size:16px\"><span style=\"color:#3498db\">&nbsp; &nbsp;<span style=\"font-size:18px\"><span style=\"color:#3498db\"> </span></span></span></span><span style=\"font-size:18px\"><span style=\"color:#3498db\">เนื่องจากว่าการก่อสร้างยังไม่เสร็จสมบูรณ์ ช่วงนี้จึงเปิดให้ชมแค่ ปราสาทฮิโนกิ, อุโมงค์เสาโทริอิ, Hinoki studio, Hinoki shop แล้วอย่าพลาดไอศกรีมสูตรลับเฉพาะของฮิโนกิที่มาแล้วต้องลิ้มลอง โดยในช่วงแรกจะเปิดเข้าชมฟรี! ตั้งแต่วันนี้ &ndash; 31 ตุลาคม 2561 หลังจากนั้นจะเก็บ​ค่าเข้าชม</span></span></p>\r\n\r\n<p style=\"text-align:justify\"><br />\r\n<span style=\"font-size:18px\"><span style=\"color:#3498db\">ค่าเข้าชม : </span></span></p>\r\n\r\n<p><span style=\"font-size:18px\"><span style=\"color:#3498db\">&ndash; ผู้ใหญ่ คนไทย ราคา 180 บาท ต่างชาติ ราคา 230 บาท<br />\r\n&ndash; เด็ก คนไทย ราคา 50 บาท ต่างชาติ ราคา 70 บาท </span><br />\r\n<span style=\"color:#3498db\">&ndash; เด็กส่วนสูงไม่เกิน 120 ซม. เข้าชมฟรี วันและเวลาเปิดให้บริการ :<br />\r\nฮิโนกิแลนด์ เปิดทำการทุกวัน ไม่มีวันหยุด ตั้งแต่เวลา 08.00 &ndash; 17.00 น.</span></span></p>', 'img/reviews/20181118-221112-cm.jpg', 31, '2018-11-18 15:09:08', '2018-11-24 14:09:30', '2018-11-29 00:00:00', '2018-11-23 19:04:35', 3, 14),
(14, 'พิกัดดีๆ ที่สุราษฎร์ธานี', '<p style=\"text-align:justify\"><span style=\"font-size:18px\"><span style=\"color:#3498db\">&rdquo;เงาะอร่อย หอยใหญ่ ไข่แดง&hellip;&rdquo; คำขวัญจังหวัดสุราษฎร์ธานี นอกจากความคล้องจองมีหลายเหตุผลให้คนจำได้แม่นยำ และรู้ดีว่า จังหวัดนี้มีเกาะสมุยงามตาที่ต้องหาเวลาไปเยือนเป็นแหล่งท่องเที่ยวขึ้นชื่อระดับโลกไม่แพ้ภูเก็ต แต่ถ้ามีเวลาเที่ยวแค่บนฝั่ง ที่เที่ยวสุราษฎร์ธานีก็มีไม่น้อยหน้าจังหวัดไหนๆ ยิ่งเรื่องที่พักหายห่วง มีเยอะจนเลือกไปถูก ไม่อยากเสียเวลาคลิกไปหาและจองแบบที่ถูกใจกันก่อนที่ </span><span style=\"color:#2980b9\"><strong>THAILAND PORTAL&nbsp;</strong></span><span style=\"color:#3498db\">&nbsp;แล้วตามไปเที่ยวกันได้เลย</span></span></p>\r\n\r\n<p style=\"text-align:justify\">&nbsp;</p>\r\n\r\n<p style=\"text-align:justify\"><span style=\"font-size:18px\"><span style=\"color:#3498db\"><strong>1. ล่องเรือชมคลองร้อยสาย เลาะป่าชายเลน ชมวิถีธรรมชาติ</strong></span></span></p>\r\n\r\n<p style=\"text-align:justify\">&nbsp;</p>\r\n\r\n<p style=\"text-align:center\"><span style=\"font-size:18px\"><span style=\"color:#3498db\"><strong><img alt=\"\" src=\"https://blog.traveloka.com/source/uploads/sites/5/2018/10/%E0%B8%A5%E0%B9%88%E0%B8%AD%E0%B8%87%E0%B9%80%E0%B8%A3%E0%B8%B7%E0%B8%AD%E0%B8%8A%E0%B8%A1%E0%B8%84%E0%B8%A5%E0%B8%AD%E0%B8%87%E0%B8%A3%E0%B9%89%E0%B8%AD%E0%B8%A2%E0%B8%AA%E0%B8%B2%E0%B8%A2-800x534.jpg\" style=\"max-width:960px; width:720px\" /></strong></span></span></p>\r\n\r\n<p style=\"text-align:center\">&nbsp;</p>\r\n\r\n<p><span style=\"font-size:18px\"><span style=\"color:#3498db\"><strong>2. เขื่อนเชี่ยวหลาน หรือ รัชชประภา</strong></span></span></p>\r\n\r\n<p>&nbsp;</p>\r\n\r\n<p style=\"text-align:center\"><span style=\"font-size:18px\"><span style=\"color:#3498db\"><strong><img alt=\"\" src=\"https://blog.traveloka.com/source/uploads/sites/5/2018/10/%E0%B9%80%E0%B8%82%E0%B8%B7%E0%B9%88%E0%B8%AD%E0%B8%99%E0%B9%80%E0%B8%8A%E0%B8%B5%E0%B9%88%E0%B8%A2%E0%B8%A7%E0%B8%AB%E0%B8%A5%E0%B8%B2%E0%B8%99-800x533.jpg\" style=\"max-width:960px; width:720px\" /></strong></span></span></p>\r\n\r\n<p>&nbsp;</p>\r\n\r\n<p style=\"text-align:justify\"><span style=\"font-size:18px\"><span style=\"color:#3498db\">&nbsp; &nbsp; ฉายาของทะเลสาบเหนือเขื่อนเชี่ยวหลาน หรือชื่อทางการว่าเขื่อนรัชชประภา คือ กุ้ยหลินเมืองไทย แต่สำหรับนักเที่ยวแบบมีเวลาน้อย เน้นแวะเช็คอิน บนฝั่งหรือสันเขื่อน ก็มีที่ท่องเที่ยวบริเวณรอบๆ ให้ถ่ายรูปชมวิวเขื่อน หรือจะหาร้านกาแฟชมบรรยกากาศท่าเรือก็ถือเป็นการแวะพักเที่ยวที่ได้บรรยากาศดีไม่น้อย คนที่ใช้ประโยชน์ที่นี่ไม่ใช่แค่นักท่องเที่ยว แม้แต่คนท้องถิ่นก็นิยมหาเวลาเที่ยวพักผ่อนหย่อนใจสัมผัสใกล้ชิดน้ำ เห็นวิวเขา ชมแพสบายใจกันบ่อยๆ &nbsp;</span></span></p>\r\n\r\n<p>&nbsp;</p>\r\n\r\n<p><span style=\"font-size:18px\"><span style=\"color:#3498db\"><strong>3. ป่าต้นน้ำบ้านน้ำราด</strong></span></span></p>\r\n\r\n<p>&nbsp;</p>\r\n\r\n<p style=\"text-align:center\"><span style=\"font-size:18px\"><span style=\"color:#3498db\"><strong><img alt=\"\" src=\"https://blog.traveloka.com/source/uploads/sites/5/2018/10/%E0%B8%9B%E0%B9%88%E0%B8%B2%E0%B8%95%E0%B9%89%E0%B8%99%E0%B8%99%E0%B9%89%E0%B8%B3%E0%B8%9A%E0%B9%89%E0%B8%B2%E0%B8%99%E0%B8%99%E0%B9%89%E0%B8%B3%E0%B8%A3%E0%B8%B2%E0%B8%94-800x359.jpg\" style=\"max-width:960px; width:720px\" /></strong></span></span></p>\r\n\r\n<p>&nbsp;</p>\r\n\r\n<p style=\"text-align:justify\"><span style=\"font-size:18px\"><span style=\"color:#3498db\">ขอบคุณภาพจาก Facebook ป่าต้นน้ำบ้านน้ำราด</span></span></p>\r\n\r\n<ul>\r\n	<li style=\"text-align:justify\"><span style=\"font-size:18px\"><span style=\"color:#3498db\">สอบถามข้อมูลเพิ่มเติมได้ที่ โทรศัพท์ 080 696 1166, 096 635 6358, 081 677 8778 หรือ Facebook ป่าต้นน้ำบ้านน้ำราด</span></span></li>\r\n</ul>\r\n\r\n<p style=\"text-align:justify\"><span style=\"font-size:18px\"><span style=\"color:#3498db\">&nbsp; &nbsp; ใครเคยไปคลองสองน้ำ คลองท่อม สระมรกต แถวจังหวัดกระบี่ ขอให้รู้ว่าที่สุราษฎร์ก็มีสถานที่เที่ยวธรรมชาติที่มีลักษณะคล้ายกันอยู่ที่บ้านน้ำราด ตำบลบ้านทำเนียบ อำเภอคีรีรัฐนิคม ซึ่งจัดเป็นสถานที่ท่องเที่ยวป่าต้นน้ำบ้านน้ำราด ที่คนในพื้นที่นิยมไปเที่ยวเล่น และเป็นสถานที่ที่นักท่องเที่ยวไม่ควรพลาดถ้าอยากชมป่าต้นน้ำที่ยังมีความอุดมสมบูรณ์สวยงาม แต่เข้าถึงง่าย ต้นน้ำที่นี้ผุดจากดินไหลลอดใต้ภูเขามาที่ตาน้ำทำให้น้ำใสบริสุทธิ์ จะลงเล่นน้ำหรือพายเรือชมความงามของป่าพรุก็ใกล้ชิดธรรมชาติได้ไม่แพ้กัน</span></span></p>\r\n\r\n<p>&nbsp;</p>\r\n\r\n<p><span style=\"font-size:18px\"><span style=\"color:#3498db\"><strong>4. คลองน้ำใส</strong></span></span></p>\r\n\r\n<p>&nbsp;</p>\r\n\r\n<p style=\"text-align:center\"><span style=\"font-size:18px\"><span style=\"color:#3498db\"><strong><img alt=\"\" src=\"https://blog.traveloka.com/source/uploads/sites/5/2018/10/%E0%B8%84%E0%B8%A5%E0%B8%AD%E0%B8%87%E0%B8%99%E0%B9%89%E0%B8%B3%E0%B9%83%E0%B8%AA-800x600.jpg\" style=\"max-width:960px; width:720px\" /></strong></span></span></p>\r\n\r\n<p>&nbsp;</p>\r\n\r\n<p style=\"text-align:justify\"><span style=\"font-size:18px\"><span style=\"color:#3498db\">ขอบคุณภาพจาก Facebook คลองน้ำใส คีรีรัฐนิคม สุราษฎร์ธานี</span></span></p>\r\n\r\n<p style=\"text-align:justify\"><span style=\"font-size:18px\"><span style=\"color:#3498db\">&nbsp; &nbsp; ยังอยู่ในคีรีรัฐนิคม กับที่เที่ยวคลองน้ำใส เป็นที่เที่ยวธรรมชาติอีกที่ที่ไม่เสียค่าเข้าชม แต่มีค่าจอดรถ จากที่จอดรถเดินไปจุดท่องเที่ยวเพียง 100 เมตร คลองน้ำใส เป็นคลองสายเล็ก ๆ อยู่ท่ามกลางร่มไม้ที่ร่มรื่นตลอดลำคลอง น้ำจากคลองผุดมาจากตาน้ำที่ผุดมาจากใต้ดิน ใสสะอาด คลองยาวประมาณ 3 กิโลเมตรถ้าไม่เจอฝนรับรองเจอน้ำใสสมชื่อ</span></span></p>\r\n\r\n<p>&nbsp;</p>\r\n\r\n<p><span style=\"font-size:18px\"><span style=\"color:#3498db\"><strong>5. ดูหินพัด ที่คีรีรัฐนิคม</strong></span></span></p>\r\n\r\n<p>&nbsp;</p>\r\n\r\n<p style=\"text-align:center\"><span style=\"font-size:18px\"><span style=\"color:#3498db\"><strong><img alt=\"\" src=\"https://blog.traveloka.com/source/uploads/sites/5/2018/10/%E0%B8%94%E0%B8%B9%E0%B8%AB%E0%B8%B4%E0%B8%99%E0%B8%9E%E0%B8%B1%E0%B8%94-800x534.jpg\" style=\"max-width:960px; width:720px\" /></strong></span></span></p>\r\n\r\n<p>&nbsp;</p>\r\n\r\n<p style=\"text-align:justify\"><span style=\"font-size:18px\"><span style=\"color:#3498db\">&nbsp; &nbsp; หินพัด ที่คีรีรัฐนิคม เป็นอีกสถานที่เที่ยวที่บังเอิญธรรมชาติจัดสรรให้สวยงาม ใช้เส้นทางเดียวกับทางไปเขื่อนเชี่ยวหลานอยู่ในตำบลท่าขนอน อำเภอคีรีรัฐนิคม ใครเคยหินเรือใบที่สิมิลันในทะเล ลองมาดูลักษณะทางธรรมชาติของหินที่มีสวยไม่แพ้กันบนบกได้ที่นี่ แถมแอบคล้ายพระธาตุอินทร์แขวนสถานที่ศักดิ์สิทธิ์ในประเทศพม่าเพราะมองแล้วให้ลุ้นว่าหินจะไม่ร่วงหรือล้มจริงๆ ใช่ไหม ถ้าไปเช้าๆ จะได้ชมไอหมอกกับแสงแดดอุ่นๆ เป็นอาหารกาย</span></span></p>\r\n\r\n<p style=\"text-align:justify\">&nbsp;</p>\r\n\r\n<p><span style=\"font-size:18px\"><span style=\"color:#3498db\"><strong>6. สะพานแขวน วัดเขาพัง</strong></span></span></p>\r\n\r\n<p>&nbsp;</p>\r\n\r\n<p style=\"text-align:center\"><span style=\"font-size:18px\"><span style=\"color:#3498db\"><strong><img alt=\"\" src=\"https://blog.traveloka.com/source/uploads/sites/5/2018/10/%E0%B8%AA%E0%B8%B0%E0%B8%9E%E0%B8%B2%E0%B8%99%E0%B9%81%E0%B8%82%E0%B8%A7%E0%B8%99-800x600.jpg\" style=\"max-width:960px; width:720px\" /></strong></span></span></p>\r\n\r\n<p>&nbsp;</p>\r\n\r\n<p style=\"text-align:justify\"><span style=\"font-size:18px\"><span style=\"color:#3498db\">&nbsp; &nbsp; สะพานแขวนวัดเขาพัง หรือ วัดราษฎร์ ตั้งอยู่ที่ตำบลเขาพัง อำเภอบ้านตาขุน แวะได้ในเส้นทางเดียวกับทางไปเขาหินพัด อยู่ก่อนถึงเขื่อนเชี่ยวหลาน ถือเป็นไฮไลต์สำหรับเช็คอินอีกแห่งของสุราษฎร์ โดยเฉพาะบรรดาช่างภาพชอบที่นี่มาก เพราะรูปทรงสะพานสวยตัวสะพานใช้ลวดสลิงเส้นใหญ่ขิงยึดกับเสาคอนกรีต พื้นปูด้วยแผ่นไม้กระดานบนโครงเหล็ก ใช้ข้ามคลองพะแสง สะพานเลยยาวแค่ 120 เมตร แวะถ่ายรูปที่นี่จะได้ฉากหลายเป็นเขารูปหัวใจ หรือเขาเทพพิทักษ์ หรือจะแวะชมพระอาทิตย์ตกยิ่งงามบาดใจ</span></span></p>\r\n\r\n<p>&nbsp;</p>\r\n\r\n<p><span style=\"font-size:18px\"><span style=\"color:#3498db\"><strong>7. อุทยานธรรมเขานาในหลวง</strong></span></span></p>\r\n\r\n<p>&nbsp;</p>\r\n\r\n<p style=\"text-align:center\"><span style=\"font-size:18px\"><span style=\"color:#3498db\"><strong><img alt=\"\" src=\"https://blog.traveloka.com/source/uploads/sites/5/2018/10/%E0%B8%AD%E0%B8%B8%E0%B8%97%E0%B8%A2%E0%B8%B2%E0%B8%99%E0%B8%98%E0%B8%A3%E0%B8%A3%E0%B8%A1%E0%B9%80%E0%B8%82%E0%B8%B2%E0%B8%99%E0%B8%B2%E0%B9%83%E0%B8%99%E0%B8%AB%E0%B8%A5%E0%B8%A7%E0%B8%87-800x534.jpg\" style=\"max-width:960px; width:720px\" /></strong></span></span></p>\r\n\r\n<ul>\r\n	<li style=\"text-align:justify\"><span style=\"font-size:18px\"><span style=\"color:#3498db\">สอบถามรายละเอียดเพิ่มเติมได้ที่ โทรศัพท์ 095 0178 259 หรือ เฟซบุ๊ก อุทยานธรรมเขานาในหลวง</span></span></li>\r\n</ul>\r\n\r\n<p style=\"text-align:justify\"><span style=\"font-size:18px\"><span style=\"color:#3498db\">&nbsp; &nbsp; ตั้งอยู่ที่ตำบลต้นยวน อำเภอพนม เป็นสถานที่ตั้งเจดีย์ลอยฟ้า พระพุทธศิลาวดี และบรรจุพระบรมสารีริกธาตุ บนยอดเขาหินปูนสูงจากพื้นดินเกือบ 300 เมตร ถ้าอยากชมวิวชิลล์ๆต้องเลี่ยงช่วงเทศกาลที่เกี่ยวกับพุทธศาสนา และวันหยุดยาวช่วงปีใหม่ เว้นแต่ชอบคนมากๆ เพราะช่วงดังกล่าวจะเป็นช่วงที่มีคนเดินขึ้นเขาเพื่อมากราบไหว้ขอพรเป็นสิริมงคลแก่ชีวิต ที่นี้มีบรรยากาศคล้ายอันซีนที่วัดเฉลิมพระเกียรติจังหวัดลำปาง ที่มีฉายาภูฏานเมืองไทย ต่างกันตรงที่มีสีเขียวร่มรื่นกว่าเพราะอยู่ในเขตชุ่มชื้นทางใต้ของไทย</span></span></p>\r\n\r\n<p>&nbsp;</p>\r\n\r\n<p><span style=\"font-size:18px\"><span style=\"color:#3498db\"><strong>8. ฟาร์มเมล่อน Just Melon</strong></span></span></p>\r\n\r\n<p>&nbsp;</p>\r\n\r\n<p style=\"text-align:center\"><span style=\"font-size:18px\"><span style=\"color:#3498db\"><strong><img alt=\"\" src=\"https://blog.traveloka.com/source/uploads/sites/5/2018/10/Just-Melon-800x450.jpg\" style=\"max-width:960px; width:720px\" /></strong></span></span></p>\r\n\r\n<p style=\"text-align:justify\"><span style=\"font-size:18px\"><span style=\"color:#3498db\">ขอบคุณภาพจาก Facebook JUST MELON</span></span></p>\r\n\r\n<ul>\r\n	<li style=\"text-align:justify\"><span style=\"font-size:18px\"><span style=\"color:#3498db\">สอบถามข้อมูลเพิ่มเติมได้ที่ โทรศัพท์ 081 597 9337 หรือ เฟซบุ๊ก JUST MELON</span></span></li>\r\n</ul>\r\n\r\n<p style=\"text-align:justify\"><span style=\"font-size:18px\"><span style=\"color:#3498db\">&nbsp; &nbsp; เหมือนมีญี่ปุ่นอยู่ที่สุราษฎร์ บางคนอาจจะแอบนึกถึงเมืองกาญจน์ และปราจีนบุรี ที่มีเมล่อนรสชาติดีไม่แพ้กัน ที่นี่เป็นฟาร์มเมลอนแห่งแรกของจังหวัดสุราษฎร์ธานี และมีที่พักในตัว ใครเป็นพวกเมลอนเลิฟเวอร์อยากอินกับบรรยากาศให้สุดๆ ใช้ชีวิตติดโรงเรือนเมลอน แนะนำให้โทรจองล่วงหน้า &nbsp;</span></span></p>\r\n\r\n<p>&nbsp;</p>\r\n\r\n<p><span style=\"font-size:18px\"><span style=\"color:#3498db\"><strong>9. พระบรมธาตุไชยาราชวรวิหาร</strong></span></span></p>\r\n\r\n<p>&nbsp;</p>\r\n\r\n<p style=\"text-align:center\"><span style=\"font-size:18px\"><span style=\"color:#3498db\"><strong><img alt=\"\" src=\"https://blog.traveloka.com/source/uploads/sites/5/2018/10/%E0%B8%9E%E0%B8%A3%E0%B8%B0%E0%B8%9A%E0%B8%A3%E0%B8%A1%E0%B8%98%E0%B8%B2%E0%B8%95%E0%B8%B8%E0%B9%84%E0%B8%8A%E0%B8%A2%E0%B8%B2%E0%B8%A3%E0%B8%B2%E0%B8%8A%E0%B8%A7%E0%B8%A3%E0%B8%A7%E0%B8%B4%E0%B8%AB%E0%B8%B2%E0%B8%A3-800x534.jpg\" style=\"max-width:960px; width:720px\" /></strong></span></span></p>\r\n\r\n<p>&nbsp;</p>\r\n\r\n<p style=\"text-align:justify\"><span style=\"font-size:18px\"><span style=\"color:#3498db\">&nbsp; &nbsp; อยู่ห่างจากตัวเมืองประมาณ 55 กิโลเมตร เป็นสถานที่ไม่ควรพลาดอย่างยิ่งสำหรับคนที่ไปเยือนสุราษฎร์ครั้งแรก เพราะพระบรมธาตุไชยาฯ ถือเป็นสิ่งศักดิ์สิทธิ์คู่บ้านคู่เมืองสุราษฎร์ เป็นสถานที่บรรจุพระบรมสารีริกธาตุ และเป็นพุทธสถานแห่งเดียวที่มีเอกลักษณ์ของศิลปะสมัยศรีวิชัยที่ยังอยู่ในสภาพดีที่สุดและถูกนำไปใช้เป็นสัญลักษณ์ประจำจังหวัด อีกทั้งเป็นหนึ่งในสถานที่ศักดิ์สิทธิ์ของภาคใต้</span></span></p>\r\n\r\n<p>&nbsp;</p>\r\n\r\n<p><span style=\"font-size:18px\"><span style=\"color:#3498db\"><strong>10. ศาลหลักเมืองสุราษฎรธานี</strong></span></span></p>\r\n\r\n<p>&nbsp;</p>\r\n\r\n<p style=\"text-align:center\"><span style=\"font-size:18px\"><span style=\"color:#3498db\"><strong><img alt=\"\" src=\"https://blog.traveloka.com/source/uploads/sites/5/2018/10/%E0%B8%A8%E0%B8%B2%E0%B8%A5%E0%B8%AB%E0%B8%A5%E0%B8%B1%E0%B8%81%E0%B9%80%E0%B8%A1%E0%B8%B7%E0%B8%AD%E0%B8%87%E0%B8%AA%E0%B8%B8%E0%B8%A3%E0%B8%B2%E0%B8%A9%E0%B8%8E%E0%B8%A3%E0%B8%98%E0%B8%B2%E0%B8%99%E0%B8%B5-800x524.jpg\" style=\"max-width:960px; width:720px\" /></strong></span></span></p>\r\n\r\n<p>&nbsp;</p>\r\n\r\n<p style=\"text-align:justify\"><span style=\"font-size:18px\"><span style=\"color:#3498db\">กลับเข้าเมือง บริเวณสนามศรีสุราษฎร์ ใกล้แม่น้ำตาปี ตำบลตลาด แวะนมัสการหรือแวะชมศาลหลักเมืองสุราษฎร์ธานี ซึ่งเปิดให้เข้าชมทุกวันตั้งแต่หกโมงเช้าถึงหกโมงเย็น ถ้าฟ้าสวยใสเป็นใจที่นี่ถ่ายรูปสวยมาก</span></span></p>\r\n\r\n<p>&nbsp;</p>\r\n\r\n<p><span style=\"font-size:18px\"><span style=\"color:#3498db\"><strong>11. ชุมชนบ้านพุมเรียง</strong></span></span></p>\r\n\r\n<p>&nbsp;</p>\r\n\r\n<p style=\"text-align:center\"><span style=\"font-size:18px\"><span style=\"color:#3498db\"><strong><img alt=\"\" src=\"https://blog.traveloka.com/source/uploads/sites/5/2018/10/%E0%B8%8A%E0%B8%B8%E0%B8%A1%E0%B8%8A%E0%B8%99%E0%B8%9A%E0%B9%89%E0%B8%B2%E0%B8%99%E0%B8%9E%E0%B8%B8%E0%B8%A1%E0%B9%80%E0%B8%A3%E0%B8%B5%E0%B8%A2%E0%B8%87-800x452.jpg\" style=\"max-width:960px; width:720px\" /></strong></span></span></p>\r\n\r\n<p>&nbsp;</p>\r\n\r\n<p style=\"text-align:justify\"><span style=\"font-size:18px\"><span style=\"color:#3498db\">&nbsp; &nbsp;เป็นแหล่งทอผ้าที่มีชื่อเสียงของจังหวัดสุราษฎร์ธานี ซึ่งยังหาซื้อได้ในพื้นที่ แต่สิ่งที่นักท่องเที่ยวส่วนใหญ่สนใจคือ การเป็นชุมชนประมงที่ตั้งอยู่บริเวณอ่าวพุมเรียง ที่มีกิจกรรมท่องเที่ยวมากมายทั้งบ้านปลา ธนาคารปู ล่องเรือชมวิถีชีวิตชาวเลบริเวณอ่านพุมเรียงและเกาะเสร็จ เกาะเล็กๆ ที่อยู่หางจากฝั่งประมาณ 30 นาที แต่มีหาดทรายขาวให้เดินกินลมชมวิว ฟังเสียงนกได้แบบสบายใจไทยแลนด์</span></span></p>\r\n\r\n<p>&nbsp;</p>\r\n\r\n<p><span style=\"font-size:18px\"><span style=\"color:#3498db\"><strong>12. แวะทานข้าว ชิมหอยขาว ที่แหลมโพธิ์</strong></span></span></p>\r\n\r\n<p>&nbsp;</p>\r\n\r\n<p style=\"text-align:center\"><span style=\"font-size:18px\"><span style=\"color:#3498db\"><strong><img alt=\"\" src=\"https://blog.traveloka.com/source/uploads/sites/5/2018/10/%E0%B9%81%E0%B8%AB%E0%B8%A5%E0%B8%A1%E0%B9%82%E0%B8%9E%E0%B8%98%E0%B8%B4%E0%B9%8C-800x534.jpg\" style=\"max-width:960px; width:720px\" /></strong></span></span></p>\r\n\r\n<p>&nbsp;</p>\r\n\r\n<p style=\"text-align:justify\"><span style=\"font-size:18px\"><span style=\"color:#3498db\">&nbsp; &nbsp; ใกล้กับชุมชนพุมเรียง มีแหลมโพธิ์ ซึ่งเป็นแหล่งอาหารทะเลขึ้นชื่ออีกแห่งของจังหวัดสุราษฎร์ มีของเด็ดที่หาที่ไหนไม่ได้อย่าง หอยขาว ใครอยากชิมต้องไปที่นี่เท่านั้น เหมือนอยากกินหอยชักตีนต้องไปกระบี่ &nbsp;</span></span></p>\r\n\r\n<p>&nbsp;</p>\r\n\r\n<p><span style=\"font-size:18px\"><span style=\"color:#3498db\"><strong>13. อุทยานแห่งชาติคลองพนม</strong></span></span></p>\r\n\r\n<p>&nbsp;</p>\r\n\r\n<p style=\"text-align:center\"><span style=\"font-size:18px\"><span style=\"color:#3498db\"><strong><img alt=\"\" src=\"https://blog.traveloka.com/source/uploads/sites/5/2018/10/%E0%B8%84%E0%B8%A5%E0%B8%AD%E0%B8%87%E0%B8%9E%E0%B8%99%E0%B8%A1.jpg\" style=\"max-width:960px; width:720px\" /></strong></span></span></p>\r\n\r\n<p>&nbsp;</p>\r\n\r\n<p style=\"text-align:justify\"><span style=\"font-size:18px\"><span style=\"color:#3498db\">ขอบคุณภาพจาก Facebook iSIRBOOM</span></span></p>\r\n\r\n<p style=\"text-align:justify\"><span style=\"font-size:18px\"><span style=\"color:#3498db\">&nbsp; &nbsp; เป็นอุทยานแห่งชาติ ที่ตั้งอยู่ในตำบลคลองสก ตำบลพนม และตำบลพลูเถื่อน อำเภอพนม จังหวัดสุราษฎร์ธานี มีเนื้อที่ทั้งหมดประมาณ 460 ตารางกิโลเมตร หรือประมาณ 290,000 ไร่ ได้จัดตั้งเป็นอุทยานแห่งชาติเมื่อวันที่ 18 พฤศจิกายน 2543 โดดเด่นด้วยเขาหินปูนสลับซับซ้อน บางฤดูถ้านักท่องเที่ยวมีเวลาสักครึ่งวันสามารถล่องแก่งชมความงามสองฝั่งคลองได้ด้วย</span></span></p>\r\n\r\n<p>&nbsp;</p>\r\n\r\n<p><span style=\"font-size:18px\"><span style=\"color:#3498db\"><strong>14. สวนโมกขพลาราม</strong></span></span></p>\r\n\r\n<p>&nbsp;</p>\r\n\r\n<p style=\"text-align:center\"><span style=\"font-size:18px\"><span style=\"color:#3498db\"><strong><img alt=\"\" src=\"https://blog.traveloka.com/source/uploads/sites/5/2018/10/%E0%B8%AA%E0%B8%A7%E0%B8%99%E0%B9%82%E0%B8%A1%E0%B8%81%E0%B8%82%E0%B8%9E%E0%B8%A5%E0%B8%B2%E0%B8%A3%E0%B8%B2%E0%B8%A1-800x530.jpg\" style=\"max-width:960px; width:720px\" /></strong></span></span></p>\r\n\r\n<p>&nbsp;</p>\r\n\r\n<p style=\"text-align:justify\"><span style=\"font-size:18px\"><span style=\"color:#3498db\">&nbsp; &nbsp; นักเดินทางสายธรรมหลายคนรู้จักที่นี่ดีกว่า มากกว่าแหล่งท่องเที่ยวหลายที่ของจังหวัดสุราษฎร์ธานี ถ้าเดินทางโดยรถยนต์ สวนโมกข์ฯ ชื่อเรียกสั้นๆ ของที่นี่ซึ่งตั้งอยู่ในอำเภอไชยา และเป็นสถานที่ท่านพุทธทาสซึ่งมรณภาพไปแล้วสร้างขึ้นจนเป็นแหล่งศึกษาธรรมขึ้นชื่อของประเทศ บรรยากาศภายในจึงเน้นความเป็นธรรมชาติ สงบ พร้อมกับสถานที่สำคัญให้ชมมากมายภายใน เช่น กุฏิท่านพุทธทาส ลานหินโค้ง สระนาฬิเกร์ ธรรมนาวา โรงมหรสพทางวิญญาณ และโบสถ์บนเขาพุทธทอง ใครที่สนใจแวะไปเยือนควรเที่ยวอย่างมีสติและสงบ</span></span></p>\r\n\r\n<p>&nbsp;</p>\r\n\r\n<p><span style=\"font-size:18px\"><span style=\"color:#3498db\"><strong>15. น้ำตกดาดฟ้า</strong></span></span></p>\r\n\r\n<p>&nbsp;</p>\r\n\r\n<p style=\"text-align:center\"><span style=\"font-size:18px\"><span style=\"color:#3498db\"><strong><img alt=\"\" src=\"https://blog.traveloka.com/source/uploads/sites/5/2018/10/%E0%B8%99%E0%B9%89%E0%B8%B3%E0%B8%95%E0%B8%81%E0%B8%94%E0%B8%B2%E0%B8%94%E0%B8%9F%E0%B9%89%E0%B8%B2-800x534.jpg\" style=\"max-width:960px; width:720px\" /></strong></span></span></p>\r\n\r\n<p>&nbsp;</p>\r\n\r\n<p style=\"text-align:justify\"><span style=\"font-size:18px\"><span style=\"color:#3498db\">&nbsp; &nbsp; ถ้าใครรู้จักเงาะโรงเรียน คงจะคุ้นๆ บ้างกับชื่อเดิมว่า เงาะนาสาร ซึ่งอำเภอนาสารเป็นต้นกำเนิดของเงาะโรงเรียนที่มีขนสีเขียว นอกจากเงาะ ที่นี่ก็มีที่เที่ยวที่คนรู้จักอีกแห่งคือน้ำตกดาดฟ้า อดีตเคยเป็นฐานที่มั่นของพรรคคอมมิวนิสต์ที่ถูกพัฒนาเป็นแหล่งท่องเที่ยว ลักษณะน้ำตกเป็นหน้าผาสูงชันสูงประมาณ 80 เมตร รายล้อมด้วยสีเขียวของพันธุ์ไม้นานาชาติชนิดร่มรื่นแบบป่าเขาทางใต้โดยแท้</span></span></p>', 'img/reviews/20181121-000511-surat.jpg', 35, '2018-11-20 17:05:11', '2018-11-24 07:27:05', '2018-11-29 23:30:00', '2018-11-23 19:04:35', 3, 68);
INSERT INTO `reviews` (`id`, `title`, `body`, `cover_image`, `view`, `created_at`, `updated_at`, `published_at`, `newcomment_at`, `user_id`, `province_id`) VALUES
(15, 'เริ่มแล้ว! เทศกาลไฟลย่านเจริญกรุง', '<p style=\"text-align:center\"><img alt=\"\" src=\"https://scontent.fbkk2-8.fna.fbcdn.net/v/t1.0-9/46471918_354203728664548_2227815569548115968_o.jpg?_nc_cat=1&amp;_nc_ht=scontent.fbkk2-8.fna&amp;oh=d7bf5f676a48ba8d7832a124b8dfad46&amp;oe=5C72C8AA\" style=\"max-width:960px; width:720px\" /></p>\r\n\r\n<p style=\"text-align:center\">&nbsp;</p>\r\n\r\n<p style=\"text-align:justify\"><span style=\"font-size:18px\"><span style=\"color:#3498db\">&nbsp; เราจุดประกายย่านเก่าแก่ที่สวยงามที่สุดของกรุงเทพฯ อย่าง &ldquo;เจริญกรุง&rdquo; ให้กลับมาลุกไฟอีกครั้งกับ&nbsp;</span><a href=\"https://www.facebook.com/events/329033381223267/?acontext=%7B%22source%22%3A22%2C%22action_history%22%3A%22%5B%7B%5C%22surface%5C%22%3A%5C%22timeline%5C%22%2C%5C%22mechanism%5C%22%3A%5C%22surface%5C%22%2C%5C%22extra_data%5C%22%3A%5B%5D%7D%5D%22%2C%22has_source%22%3Atrue%7D&amp;source=22&amp;action_history=%5B%7B%22surface%22%3A%22timeline%22%2C%22mechanism%22%3A%22surface%22%2C%22extra_data%22%3A%5B%5D%7D%5D&amp;has_source=1&amp;__tn__=KH-R&amp;eid=ARDPm9R8cRkp0FAwf7ouD8NNM0LUBWCzyiZWb2bvg6vZ9WyuXOUUt2lcNhHNRx_h60LcJkax1c6c4pfm&amp;fref=mentions&amp;__xts__%5B0%5D=68.ARAhPzdG0ykYW-hqfiDMbL1YYK7KuS47JxJJ6WXm2QpD4HytDlpNdwf5pvA_gXCW8-W2woVS08LREFk3xqRmVDzC5-VuO1x63X2WKCBBaVrJZbJaCMlWsDIoOj8IPSU_IqAx-4amO8yKIgvV3jFpV_asCd152njwI4bFf-1lQfRuaW0eAe8xcIfTVOl9N7fQZpt00i6BWP7TD5rSea2Kb8-il-1CVshHek8Rxz-R9_AlV-Y2eIrNmEf8M4xTDXKKAx0zFmdobajNJPDPQWJmQR_CdjAlyJhw0bExT0XG3-g7smyxNy4LJGlojRyifh0sUFT21qk9AQ\"><span style=\"color:#3498db\">Awakening Bangkok: A Festival of Lights</span></a><span style=\"color:#3498db\">&nbsp;เทศกาลประติมากรรมไฟ ผสมผสานความทันสมัยเข้ากับความเก่าแก่ของเจริญกรุงอย่างลงตัว เพื่อให้ทุกคนได้ดื่มด่ำกับเสน่ห์ที่ไม่เคยจางหายของเจริญกรุง ณ ศูนย์การค้าโอ.พี.เพลส และ ศูนย์การค้าโอ.พี.การ์เด้น ซึ่งนี่ก็เป็นแค่ตัวอย่างเล็กๆ น้อยๆ แค่ส่วนหนึ่งเท่านั้น อยากดูทั้งหมดต้องมาเจอกันวันที่ 16-25 พฤศจิกายน 2561 เวลา 18.00&ndash;23.00 น.</span></span></p>\r\n\r\n<p style=\"text-align:center\">&nbsp;</p>\r\n\r\n<p style=\"text-align:center\"><img alt=\"\" src=\"https://scontent.fbkk2-8.fna.fbcdn.net/v/t1.0-9/46342181_354188791999375_6952164391240335360_o.jpg?_nc_cat=104&amp;_nc_ht=scontent.fbkk2-8.fna&amp;oh=97e36c945ab80c3a97428850ceb340a8&amp;oe=5CAE2210\" style=\"max-width:960px; width:720px\" /></p>\r\n\r\n<p style=\"text-align:center\">&nbsp;</p>\r\n\r\n<p><span style=\"font-size:18px\"><span style=\"color:#0066ff\"><strong>Holo Light</strong></span><br />\r\n<span style=\"color:#3498db\">ศิลปิน: MOD No.1<br />\r\nสถานที่: อาคารไปรษณีย์กลาง บางรัก<br />\r\nHolo Light ได้นำหลักการสะท้อนของแสงมาใช้กับอาคารไปรษณีย์กลาง บางรัก เพื่อแสดงถึงความสวยงามตระการตาของตัวตึก ผ่านการเปลี่ยนแปลงของแสงแดด เวลา สภาพอากาศ รวมทั้งผู้ชมเองด้วย</span></span></p>\r\n\r\n<p>&nbsp;</p>\r\n\r\n<p style=\"text-align:center\"><img alt=\"\" src=\"https://scontent.fbkk2-8.fna.fbcdn.net/v/t1.0-9/46380967_354188848666036_1117704499356499968_o.jpg?_nc_cat=107&amp;_nc_ht=scontent.fbkk2-8.fna&amp;oh=d1eaee5ee6c045df19fada0d5eebc27a&amp;oe=5C794AFD\" style=\"max-width:960px; width:720px\" /></p>\r\n\r\n<p>&nbsp;</p>\r\n\r\n<p><span style=\"color:#0066ff\"><span style=\"font-size:18px\"><strong>OPPO R17 Pro presents Seize the Night</strong></span></span><br />\r\n<span style=\"color:#3498db\"><span style=\"font-size:18px\">สถานที่: อาคารไปรษณีย์กลาง บางรัก<br />\r\nเมื่อความหรูหราและเสน่ห์ของ OPPO R17 Pro ส่งต่อแรงบันดาลใจให้ม่านหมอกที่น้ำเงินอมม่วงที่สุกสว่างยามค่ำคืน</span></span></p>\r\n\r\n<p>&nbsp;</p>\r\n\r\n<p style=\"text-align:center\"><span style=\"color:#3498db\"><span style=\"font-size:18px\"><img alt=\"\" src=\"https://scontent.fbkk2-7.fna.fbcdn.net/v/t1.0-9/46458651_354188721999382_4963086498690760704_o.jpg?_nc_cat=101&amp;_nc_ht=scontent.fbkk2-7.fna&amp;oh=0d9e393c09b00217f39178021b100845&amp;oe=5C7139DD\" style=\"max-width:960px; width:720px\" /></span></span></p>\r\n\r\n<p style=\"text-align:center\">&nbsp;</p>\r\n\r\n<p><span style=\"color:#0066ff\"><span style=\"font-size:18px\"><strong>Areacycle</strong></span></span><br />\r\n<span style=\"color:#3498db\"><span style=\"font-size:18px\">ศิลปิน: Must Start<br />\r\nสถานที่: ซอยเจริญกรุง 32<br />\r\nAreacycle สร้างสรรค์ขึ้นบนแนวคิด &ldquo;ความเจริญของอดีตที่ถูกทอดทิ้ง&rdquo; เช่น อาคารบางแห่งที่ถูกปล่อยทิ้งร้าง เป็นการนำเอาขยะที่ดูไม่มีประโยชน์ มาสร้างสรรค์เพื่อเป็นสื่อช่วยในการเพิ่มมูลค่าสิ่งที่ถูกทิ้งขว้างให้เกิดความน่าสนใจ</span></span></p>\r\n\r\n<p>&nbsp;</p>\r\n\r\n<p style=\"text-align:center\"><span style=\"color:#3498db\"><span style=\"font-size:18px\"><img alt=\"\" src=\"https://scontent.fbkk2-8.fna.fbcdn.net/v/t1.0-9/46387215_354188615332726_8334262730831691776_o.jpg?_nc_cat=100&amp;_nc_ht=scontent.fbkk2-8.fna&amp;oh=1499ac9cf76b30a2a1ca7411ca880bc0&amp;oe=5C79E777\" style=\"max-width:960px; width:720px\" /></span></span></p>\r\n\r\n<p style=\"text-align:center\">&nbsp;</p>\r\n\r\n<p><span style=\"font-size:18px\"><span style=\"color:#0066ff\"><strong>112 Red &amp; Yellow Tubes</strong></span><br />\r\n<span style=\"color:#3498db\">ศิลปิน: Liam Morgan<br />\r\nสถานที่: O.P. Place<br />\r\nงานประติมากรรมแสงสีชิ้นนี้ของ Liam Morgan เป็นส่วนหนึ่งของงานชุด &ldquo;งานวัด&rdquo; ที่เคยจัดแสดงที่ BankART Studio ในเมืองโยโกฮาม่า ประเทศญี่ปุ่น</span></span></p>\r\n\r\n<p>&nbsp;</p>\r\n\r\n<div style=\"page-break-after:always\"><span style=\"display:none\">&nbsp;</span></div>\r\n\r\n<p>&nbsp;</p>\r\n\r\n<p><span style=\"font-size:18px\"><span style=\"color:#0066ff\">&bull; Awakening Bangkok บน Google Maps:&nbsp;</span><a href=\"https://l.facebook.com/l.php?u=https%3A%2F%2Fgoo.gl%2Fmaps%2F2LALxhhZNPH2%3Ffbclid%3DIwAR2a3stVuwFizyRS2ItoiMIO_C5bXcE9Q3z_SUDxANuQytVKPMklc0ISCPg&amp;h=AT0ufp2PvQtsvtoYAzLaVEu6f9LXaVffFytEDg54hu8tf3nDiCb1XSEAgQKxSz00O1e49tQu5ZB7D3kKjXAZkGfSZ3iO7Uk3AeP09qaPR7mweru5zJ5BxSOOEqGXfWoAQDD5iCEbLDsT27hVNzopQfVdvUh998ZYql6j8aaQgQqIFqDnUDY5ONORn8R8TpogcYA4L4JwRExcyQQo4c9JFF-4kuMrgRyZmI6xM0Emtj-gT4Kw8JWVV0HbQQoNuV4ufv7ZS0NCYISG0MDhfd9y1xmPsAmEMDWPRSWNTs5rV3XqTJ6vW-D8QXscGROMyIB_QFl-NdcsUsh7oZhsEiQZVjPy3kflQbCnegw97EWA2_LA6IoMx2zs-o8bMu-3E-D7NyHd2k-DNbpuzuKvs45DBUMMqb_mS5HXPMXTV4ko1H_oIv1KPH2IF3vNaEBlxrIN-0OgVn3KKjIXNkaWJQn3c5Rx3UOZYobVUJQ2xiccGc5G4dXSkwnr7ERHYqhUfrc9HqwZO_muA6AUwTqtnrhuc8CsBwaA9DxnNcftRY-P5PelgwieHyaE-MetGusB9ckGOGLpzUox-4wrIu4U_pUSmojByyqF-c14aHsRKYXK-C8tcCtX\" rel=\"noopener nofollow\" target=\"_blank\"><span style=\"color:#0066ff\">https://goo.gl/maps/2LALxhhZNPH2</span></a><span style=\"color:#0066ff\">&nbsp;<br />\r\n&bull; ขับรถ: จอดรถที่อาคาร CAT Tower หลังตึกโปรษณีย์กลาง ค่าจอดรถชั่วโมงละ 20 บาท<br />\r\n&bull; Grab: หา Awakening Bangkok เลือกจุดหมาย และใส่โค้ด &quot;LIGHT&quot; จะได้รับส่วนลด 50%</span></span></p>', 'img/reviews/20181124-001521-OPPO.jpg', 69, '2018-11-23 17:15:21', '2018-11-23 19:23:55', '2018-11-20 17:00:00', '2018-11-23 19:23:54', 7, 2),
(16, 'ผาฮี้ จุดเช็คอินสุดฮ็อตใหม่ของเชียงราย', '<p style=\"text-align:center\"><span style=\"color:#3498db\"><span style=\"font-size:18px\"><img alt=\"\" src=\"https://scontent.fbkk2-7.fna.fbcdn.net/v/t1.0-9/46421799_1052942598199721_8214691459786342400_o.jpg?_nc_cat=106&amp;_nc_ht=scontent.fbkk2-7.fna&amp;oh=b33837eba96141804ae7c703c67dd04b&amp;oe=5C6D93E4\" style=\"max-width:960px; width:720px\" /></span></span></p>\r\n\r\n<p style=\"text-align:justify\">&nbsp;</p>\r\n\r\n<p style=\"text-align:center\"><span style=\"color:#3498db\"><span style=\"font-size:18px\">ปลายทางอาจจะสำคัญ แต่ระหว่างทางมันทำให้เราได้เรียนรู้ ได้เก็บเกี่ยวประสบการณ์ที่จะต้องเจอ</span></span></p>\r\n\r\n<p style=\"text-align:justify\">&nbsp;</p>\r\n\r\n<p style=\"text-align:center\"><span style=\"color:#3498db\"><span style=\"font-size:18px\"><img alt=\"\" src=\"https://scontent.fbkk2-7.fna.fbcdn.net/v/t1.0-9/46489470_1052942768199704_4324058097338286080_o.jpg?_nc_cat=108&amp;_nc_ht=scontent.fbkk2-7.fna&amp;oh=96f4535c1faeb949fe9af4acddecbe39&amp;oe=5C7B4DCF\" style=\"max-width:960px; width:720px\" /></span></span></p>\r\n\r\n<p style=\"text-align:center\">&nbsp;</p>\r\n\r\n<p style=\"text-align:justify\"><span style=\"font-size:18px\"><a href=\"https://www.facebook.com/hashtag/%E0%B8%81%E0%B8%B2%E0%B9%81%E0%B8%9F%E0%B8%A0%E0%B8%B9%E0%B8%9C%E0%B8%B2%E0%B8%AE%E0%B8%B5%E0%B9%89\"><span style=\"color:#0066ff\">#กาแฟภูผาฮี้</span></a><br />\r\n<span style=\"color:#3498db\">ผาฮี้เป็นหมู่บ้านเล็กๆที่ตั้งอยู่บนถ้ำหลวงขุนน้ำนางนอน อ.แม่สาย เป็นหมู่บ้านที่ถูกปกคลุมด้วยหมอกในยามเช้า พร้อมกับบรรยาศที่เย็นสบายตลอดทั้งวัน มีกาแฟใ้ห้ลิ้มลอง สำหรับการเดินทางมาที่นี่ก็ไม่ได้ยากอย่างที่คิด ขอแค่ขับรถเก่งก็พอ ถนนบางช่วงอาจมีชันบ้าง แต่ขอบอกว่า ถ้าได้มาเยือนที่นี่แล้วจะหลงรัก อยากกลับมาที่นี่อีกครั้ง</span></span></p>\r\n\r\n<p style=\"text-align:justify\">&nbsp;</p>\r\n\r\n<p style=\"text-align:center\"><span style=\"color:#3498db\"><span style=\"font-size:18px\"><img alt=\"\" src=\"https://scontent.fbkk2-8.fna.fbcdn.net/v/t1.0-9/46462371_1052942668199714_8456833946338983936_o.jpg?_nc_cat=104&amp;_nc_ht=scontent.fbkk2-8.fna&amp;oh=5188185126bfe8673166b7814c25d0ac&amp;oe=5CAD8725\" style=\"max-width:960px; width:720px\" /></span></span></p>\r\n\r\n<p style=\"text-align:center\">&nbsp;</p>\r\n\r\n<p style=\"text-align:justify\"><span style=\"font-size:18px\"><a href=\"https://www.facebook.com/hashtag/%E0%B8%A7%E0%B8%B1%E0%B8%94%E0%B8%94%E0%B8%AD%E0%B8%A2%E0%B8%9C%E0%B8%B2%E0%B8%95%E0%B8%B1%E0%B9%89%E0%B8%87\"><span style=\"color:#0066ff\">#วัดดอยผาตั้ง</span></a><br />\r\n<span style=\"color:#3498db\">ตั้งอยู่ระหว่างทางที่จะขึ้นผาตั้ง จะมีป้ายบอกชัดเจน ในยามเช้าสามารถมองเห็นทะเลหมอก ที่ลอยอยู่เหนือภูเขา</span></span></p>\r\n\r\n<p style=\"text-align:justify\">&nbsp;</p>\r\n\r\n<p style=\"text-align:center\"><span style=\"color:#3498db\"><span style=\"font-size:18px\"><img alt=\"\" src=\"https://scontent.fbkk2-7.fna.fbcdn.net/v/t1.0-9/46425897_1052942628199718_3665213416961736704_o.jpg?_nc_cat=106&amp;_nc_ht=scontent.fbkk2-7.fna&amp;oh=2b66bf1d4b81cb96e648509af67a5fe9&amp;oe=5C648EF5\" style=\"max-width:960px; width:720px\" /></span></span></p>\r\n\r\n<p style=\"text-align:justify\">&nbsp;</p>\r\n\r\n<p style=\"text-align:justify\"><span style=\"font-size:18px\"><a href=\"https://www.facebook.com/hashtag/%E0%B8%94%E0%B8%AD%E0%B8%A2%E0%B8%AA%E0%B8%B0%E0%B9%82%E0%B8%87%E0%B9%89%E0%B8%AB%E0%B8%A3%E0%B8%B7%E0%B8%AD%E0%B8%94%E0%B8%AD%E0%B8%A2%E0%B8%AA%E0%B8%B0%E0%B9%82%E0%B8%87%E0%B9%8A%E0%B8%B0\"><span style=\"color:#0066ff\">#ดอยสะโง้หรือดอยสะโง๊ะ</span></a><br />\r\n<span style=\"color:#3498db\">ดอยสะโง้ อ.เชียงแสน จุดชมวิวทะเลหมอกแบบ 360 องศา เป็นจุดชมวิวที่สามารถมองเห็นวิวทั้ง 3 ประเทศ ลาว พม่า และไทยเราจะเป็น อ.เชียงแสน ข้างบนจะมีทั้งที่พัก และที่สำหรับกางเต็นท์ มีห้องน้ำไว้บริหาร พร้อมทั้งร้านเครื่องดื่ม การเดินทางไม่ได้ยาก ถ้าแว๊นค์มอไซค์อาจจะยากนิดหน่อยแต่ก็สามารถขึ้นได้ แต่เดินทางมาด้วยรถยนต์ สามารถจอดไว้ที่หมู่บ้านได้เลย จะมีรถรับ-ส่งของชาวบ้าน คิดราคาเทียวล่ะ 150 บาท </span></span></p>\r\n\r\n<p style=\"text-align:justify\"><span style=\"font-size:18px\"><span style=\"color:#3498db\">***ราคาสามารถเปลี่ยนแปลงได้ ค่ากางเต็นท์หลังละ 100 บาท ที่พักราคาหลังละ 1500 บาท</span></span></p>\r\n\r\n<p style=\"text-align:justify\">&nbsp;</p>\r\n\r\n<p style=\"text-align:center\"><span style=\"color:#3498db\"><span style=\"font-size:18px\"><img alt=\"\" src=\"https://scontent.fbkk2-7.fna.fbcdn.net/v/t1.0-9/46403373_1052943288199652_8261063246723678208_o.jpg?_nc_cat=106&amp;_nc_ht=scontent.fbkk2-7.fna&amp;oh=1ee621dbcc85f60098b7161c9661758a&amp;oe=5C7A5816\" style=\"max-width:960px; width:720px\" /></span></span></p>\r\n\r\n<p style=\"text-align:center\">&nbsp;</p>\r\n\r\n<p style=\"text-align:justify\"><span style=\"font-size:18px\"><a href=\"https://www.facebook.com/hashtag/%E0%B8%81%E0%B8%B2%E0%B8%A3%E0%B9%80%E0%B8%94%E0%B8%B4%E0%B8%99%E0%B8%97%E0%B8%B2%E0%B8%87%E0%B8%84%E0%B8%A3%E0%B8%B1%E0%B9%89%E0%B8%87%E0%B8%99%E0%B8%B5%E0%B9%89\"><span style=\"color:#0066ff\">#การเดินทางครั้งนี้</span></a><br />\r\n<span style=\"color:#3498db\">จริงๆทริปนี้ไม่ได้จองตั๋วรถทัวก่อนแต่อย่างใด อยู่ๆก็อยากจะไปแว๊ต์เชียงราย ไปที่ บขส.ชลบุรี พี่ครับจะเดินทางไปเชียงรายเย็นนี้มีที่ว่างป่าวครับ แต่เสียงที่ตอบกลับมามันทำให้ใจแทบสลาย เต็มแล้วครับ แต่พรุ่งนี้ยังว่างนะครับ พร้อมเดินทางหรือป่าวครับ โอเคผมตอบตกลง พอซื้อตั๋วเสร็จในราคา เที่ยวละ 674บาท แล้วก็กลับห้องไปนอน รอเดินทางพรุ่งนี้ วันรุ่งขึ้นเมื่อถึงเวลารถออก รีบเก็บของเพื่อที่จะไปขึ้นรถ&nbsp;ขึ้นรถเสร็จก็หลับทันที รู้ตัวอีกทีก็ถึงพะเยาแล้ว พร้อมกับบรรยากาศทะเลหมอกในยามเช้าดีมากจนตกใจ เฮ้ยพะเยาสวยขนาดนี้เลยหรอ คิดในใจต้องกลับมาเที่ยวพะเยาให้ได้ แต่เดี๋ยวก่อนไปเที่ยวเชียงรายให้เสร็จก่อนนะ ที่อื่นค่อยว่ากัน หลังจากที่ตื่นได้ไม่นานก็เดินทางมาถึง บขส.เชียงราย&nbsp;ผมรีบลงจากรถเพื่อหาที่เช่ามอไซค์ และก็มองไปเห็นที่เช่า ผมรีบวิ่งทันทีเพราะตอนนี้ก็เริ่มจะสายแล้วผมจองไปทั้งหมด 5วัน ในราคาวันละ 300บาท พร้อมหมวกกันน็อตที่มีที่ปิดหน้า วันละ 50บาท ถ้าหมอกแบบปกติก็ฟรีจ้า แต่คงไม่ไหวถ้าคงชาและไหม้แน่ๆ ที่นี่ไม่มีมัดจำน๊า แต่เขาจะเอาบัตรประชาชนเราไว้ เราสามารถถ่ายเอกสารไว้ได้ หลังจากที่จองรถเช่าเสร็จแล้ว เดินไปห้องน้ำเพื่อที่จะอาบน้ำ สอบถามป้าแม่บ้านว่า ป้าครับมีที่อาบน้ำไหม ป้าบอกว่ามีและให้เดินตามมา&nbsp;ป้าจะไปเปิดห้องอาบน้ำให้ เราอาบเสร็จก็ล็อคห้องให้ป้าด้วยนะ&nbsp;กองทัพต้องเดินด้วยท้อง สายแล้วก็เริ่มจะหิว หากินข้าวแถวนั้นและ พร้อมกับกาแฟอีกแก้วเพราะรู้สึกว่ายังไม่หายง่วงเลย แต่กินแล้วก็ไม่ได้ช่วยอะไรหรอก ห้าห้า<br />\r\n<br />\r\n***น้ำมันไปเท่าไหร่ก็เติมกลับมาเท่านั้นน๊า พี่เขาใจดีมาก รบกวนพี่เขาหลายครั้งเลย&nbsp;</span></span></p>\r\n\r\n<p style=\"text-align:justify\">&nbsp;</p>\r\n\r\n<p style=\"text-align:center\"><span style=\"color:#3498db\"><span style=\"font-size:18px\"><img alt=\"\" src=\"https://scontent.fbkk2-8.fna.fbcdn.net/v/t1.0-9/46351777_1052947661532548_4856320913156603904_o.jpg?_nc_cat=107&amp;_nc_ht=scontent.fbkk2-8.fna&amp;oh=5c0c4901a6c3dfba49a71dc619388d4a&amp;oe=5CA9C3AF\" style=\"max-width:960px; width:720px\" /></span></span><br />\r\n&nbsp;</p>\r\n\r\n<p style=\"text-align:center\"><span style=\"color:#3498db\"><span style=\"font-size:18px\">ฐานปฏิบัติการดอยช้างมูบ</span></span></p>\r\n\r\n<p style=\"text-align:center\"><span style=\"color:#3498db\"><span style=\"font-size:18px\"><img alt=\"\" src=\"https://scontent.fbkk2-7.fna.fbcdn.net/v/t1.0-9/46375904_1052947884865859_8812571119505637376_o.jpg?_nc_cat=106&amp;_nc_ht=scontent.fbkk2-7.fna&amp;oh=e7195a65dde7e0272180c0149bacc8ce&amp;oe=5C7D4226\" style=\"max-width:960px; width:720px\" /><br />\r\nแวะไปกินกาแฟผาฮี้ก่อนนะคะ ไว้ถึงกรุงเทพแล้วจะเอาภาพมาลงให้ต่อนะคะ</span></span></p>\r\n\r\n<p style=\"text-align:center\">&nbsp;</p>\r\n\r\n<p style=\"text-align:center\">&nbsp;</p>', 'img/reviews/20181124-010421-chiangmai_check_in.jpg', 94, '2018-11-23 18:04:21', '2018-11-23 19:12:56', '2018-11-07 17:00:00', '2018-11-23 19:12:55', 3, 2),
(17, 'เปิดแล้ว!! รถไฟลอยน้ำ เพียง 270 บาท', '<p style=\"text-align:center\"><span style=\"font-size:18px\"><span style=\"color:#3498db\"><img alt=\"\" src=\"https://scontent.fbkk2-8.fna.fbcdn.net/v/t1.0-9/46441765_1944776758940201_8501583141876531200_o.jpg?_nc_cat=1&amp;_nc_ht=scontent.fbkk2-8.fna&amp;oh=2d7eaefce014417a1674a9a2eb8c220f&amp;oe=5CAB87EC\" style=\"max-width:960px; width:720px\" /></span></span></p>\r\n\r\n<p style=\"text-align:center\">&nbsp;</p>\r\n\r\n<p style=\"text-align:center\"><span style=\"font-size:18px\"><span style=\"color:#3498db\">คนเยอะมากกก เต็มขบวนเลยย&nbsp;</span></span></p>\r\n\r\n<p style=\"text-align:center\">&nbsp;</p>\r\n\r\n<p style=\"text-align:center\"><span style=\"font-size:18px\"><span style=\"color:#3498db\"><img alt=\"\" src=\"https://scontent.fbkk2-8.fna.fbcdn.net/v/t1.0-9/46339808_1944776812273529_6114265891547906048_o.jpg?_nc_cat=100&amp;_nc_ht=scontent.fbkk2-8.fna&amp;oh=ec316cb70d0eb269ab35b1d22441c098&amp;oe=5C78F977\" style=\"max-width:960px; width:720px\" /></span></span></p>\r\n\r\n<p style=\"text-align:center\">&nbsp;</p>\r\n\r\n<p style=\"text-align:center\"><span style=\"font-size:18px\"><span style=\"color:#3498db\">ใกล้ถึงจุดจอดถ่ายรูปแล้วว</span></span></p>\r\n\r\n<p style=\"text-align:center\">&nbsp;</p>\r\n\r\n<p style=\"text-align:center\"><span style=\"font-size:18px\"><span style=\"color:#3498db\"><img alt=\"\" src=\"https://scontent.fbkk2-7.fna.fbcdn.net/v/t1.0-9/46372564_1944776975606846_8134247778894217216_o.jpg?_nc_cat=101&amp;_nc_ht=scontent.fbkk2-7.fna&amp;oh=d367ef6002c3a27ab1cf6b7b0d802049&amp;oe=5C68BC83\" style=\"max-width:960px; width:720px\" /></span></span></p>\r\n\r\n<p style=\"text-align:center\">&nbsp;</p>\r\n\r\n<p style=\"text-align:center\"><span style=\"font-size:18px\"><span style=\"color:#3498db\">ทุ่งคอสมอสสามารถเช่ารถกอล์ฟหรือนั่งรถรางไปถ่ายได้จ้า&nbsp;</span></span></p>\r\n\r\n<p style=\"text-align:center\">&nbsp;</p>\r\n\r\n<p style=\"text-align:center\"><span style=\"font-size:18px\"><span style=\"color:#3498db\"><img alt=\"\" src=\"https://scontent.fbkk2-8.fna.fbcdn.net/v/t1.0-9/46472532_1945267275557816_8611922780151087104_o.jpg?_nc_cat=105&amp;_nc_ht=scontent.fbkk2-8.fna&amp;oh=64e4edfb4759549d9c278187c66cc1bf&amp;oe=5C793751\" style=\"max-width:960px; width:720px\" /></span></span></p>\r\n\r\n<p style=\"text-align:center\">&nbsp;</p>\r\n\r\n<p style=\"text-align:center\"><span style=\"font-size:18px\"><span style=\"color:#3498db\">สันเขื่อนวิวก็สวยไปอีกแบบ ถ้าแต่งตัวคุมโทนมากับแก๊งค์เพื่อนก็น่ารักดีน้า</span></span></p>\r\n\r\n<p style=\"text-align:center\">&nbsp;</p>\r\n\r\n<p style=\"text-align:center\"><span style=\"font-size:18px\"><span style=\"color:#3498db\"><img alt=\"\" src=\"https://scontent.fbkk2-7.fna.fbcdn.net/v/t1.0-9/46457989_1944776918940185_4754078400631537664_o.jpg?_nc_cat=110&amp;_nc_ht=scontent.fbkk2-7.fna&amp;oh=a2825cb2f7a15b9e9b896fdfc3a5ea67&amp;oe=5C6DB499\" style=\"max-width:960px; width:720px\" /></span></span></p>\r\n\r\n<p style=\"text-align:center\">&nbsp;</p>\r\n\r\n<p style=\"text-align:center\"><span style=\"font-size:18px\"><span style=\"color:#3498db\"><img alt=\"\" src=\"https://scontent.fbkk2-8.fna.fbcdn.net/v/t1.0-9/46388240_1944780502273160_6888610845333389312_o.jpg?_nc_cat=105&amp;_nc_ht=scontent.fbkk2-8.fna&amp;oh=564cc8d277ce81115619bf5fe3e059fc&amp;oe=5CAFDBAD\" style=\"max-width:960px; width:720px\" /></span></span></p>\r\n\r\n<p style=\"text-align:center\">&nbsp;</p>\r\n\r\n<p style=\"text-align:center\"><span style=\"font-size:18px\"><span style=\"color:#3498db\"><img alt=\"\" src=\"https://scontent.fbkk2-8.fna.fbcdn.net/v/t1.0-9/46336637_1944777355606808_243246327507451904_o.jpg?_nc_cat=104&amp;_nc_ht=scontent.fbkk2-8.fna&amp;oh=6b9add8cd8644138ec8b767acc637d1a&amp;oe=5CAABC3D\" style=\"max-width:960px; width:720px\" /></span></span></p>\r\n\r\n<p style=\"text-align:center\">&nbsp;</p>\r\n\r\n<p style=\"text-align:center\"><span style=\"font-size:18px\"><span style=\"color:#3498db\"><img alt=\"\" src=\"https://scontent.fbkk2-8.fna.fbcdn.net/v/t1.0-9/46351794_1944780862273124_6717318122115694592_o.jpg?_nc_cat=104&amp;_nc_ht=scontent.fbkk2-8.fna&amp;oh=6f8ca46d630b7bd1f5a9f0ee2b3089e9&amp;oe=5C795F7E\" style=\"max-width:960px; width:720px\" /></span></span></p>\r\n\r\n<p style=\"text-align:center\">&nbsp;</p>\r\n\r\n<p style=\"text-align:center\"><span style=\"font-size:18px\"><span style=\"color:#3498db\">รีบจองตั๋วกันได้แล้วว ตั้งแต่วันนี้จนถึง 31 มกราคม 2562 เลยน้าาาา</span></span></p>\r\n\r\n<p style=\"text-align:center\">&nbsp;</p>\r\n\r\n<p><span style=\"font-size:18px\"><a href=\"https://www.facebook.com/pages/%E0%B9%80%E0%B8%82%E0%B8%B7%E0%B9%88%E0%B8%AD%E0%B8%99%E0%B8%9B%E0%B9%88%E0%B8%B2%E0%B8%AA%E0%B8%B1%E0%B8%81%E0%B8%8A%E0%B8%A5%E0%B8%AA%E0%B8%B4%E0%B8%97%E0%B8%98%E0%B8%B4%E0%B9%8C/1547807505466556?ref=stream\" id=\"js_se\">#เขื่อนป่าสักชลสิทธิ์</a>&nbsp;</span></p>', 'img/reviews/20181124-012715-pasak.jpg', 187, '2018-11-23 18:27:15', '2018-11-24 16:20:33', '2018-11-22 17:00:00', '2018-11-24 10:32:59', 3, 52),
(18, 'เกาะมันนอก จุดเช็คอินใหม่ระนอง', '<p style=\"text-align:center\"><span style=\"color:#0066ff\"><span style=\"font-size:18px\"><img alt=\"\" src=\"https://scontent.fbkk2-8.fna.fbcdn.net/v/t1.0-9/45956512_1987793368192523_7459704842726932480_n.jpg?_nc_cat=105&amp;_nc_ht=scontent.fbkk2-8.fna&amp;oh=dac33c0d3d47c0c0d91b49ec37a6548b&amp;oe=5C6B842E\" style=\"max-width:960px; width:720px\" /></span></span></p>\r\n\r\n<p style=\"text-align:center\">&nbsp;</p>\r\n\r\n<p style=\"text-align:center\"><span style=\"color:#0066ff\"><span style=\"font-size:18px\"><img alt=\"\" src=\"https://scontent.fbkk2-7.fna.fbcdn.net/v/t1.0-9/46273171_1987793388192521_1362947003109081088_n.jpg?_nc_cat=110&amp;_nc_ht=scontent.fbkk2-7.fna&amp;oh=613cef9eeec019fb45095761e6890c9f&amp;oe=5C733731\" style=\"max-width:960px; width:720px\" /></span></span></p>\r\n\r\n<p style=\"text-align:center\">&nbsp;</p>\r\n\r\n<p style=\"text-align:center\"><span style=\"color:#0066ff\"><span style=\"font-size:18px\"><img alt=\"\" src=\"https://scontent.fbkk2-8.fna.fbcdn.net/v/t1.0-9/46286104_1987793394859187_7830852311306993664_n.jpg?_nc_cat=104&amp;_nc_ht=scontent.fbkk2-8.fna&amp;oh=52113e17f839285c80dc1d5fc9a2aa92&amp;oe=5CAF30A7\" style=\"max-width:960px; width:720px\" /></span></span></p>\r\n\r\n<p style=\"text-align:center\">&nbsp;</p>\r\n\r\n<p style=\"text-align:center\"><span style=\"color:#0066ff\"><span style=\"font-size:18px\"><img alt=\"\" src=\"https://scontent.fbkk2-8.fna.fbcdn.net/v/t1.0-9/46133178_1987793418192518_8278735748656529408_n.jpg?_nc_cat=102&amp;_nc_ht=scontent.fbkk2-8.fna&amp;oh=2663b40d34a628213078ba949a502089&amp;oe=5C77CE03\" style=\"max-width:960px; width:720px\" /></span></span></p>\r\n\r\n<p style=\"text-align:center\">&nbsp;</p>\r\n\r\n<p style=\"text-align:center\"><span style=\"color:#0066ff\"><span style=\"font-size:18px\"><img alt=\"\" src=\"https://scontent.fbkk2-7.fna.fbcdn.net/v/t1.0-9/46120873_1987793424859184_5500140225973714944_n.jpg?_nc_cat=110&amp;_nc_ht=scontent.fbkk2-7.fna&amp;oh=cade919bf002fc1e8873a766a5a02644&amp;oe=5C6FE697\" style=\"max-width:960px; width:720px\" /></span></span></p>\r\n\r\n<p style=\"text-align:center\">&nbsp;</p>\r\n\r\n<p style=\"text-align:center\"><span style=\"color:#0066ff\"><span style=\"font-size:18px\"><img alt=\"\" src=\"https://scontent.fbkk2-7.fna.fbcdn.net/v/t1.0-9/46104916_1987793464859180_55425625241944064_n.jpg?_nc_cat=111&amp;_nc_ht=scontent.fbkk2-7.fna&amp;oh=b18b732b3304c7c414c375bb4e9dab4f&amp;oe=5C7B56DD\" style=\"max-width:960px; width:720px\" /></span></span></p>\r\n\r\n<p style=\"text-align:center\">&nbsp;</p>\r\n\r\n<p style=\"text-align:center\"><span style=\"color:#0066ff\"><span style=\"font-size:18px\"><img alt=\"\" src=\"https://scontent.fbkk2-8.fna.fbcdn.net/v/t1.0-9/46093426_1987793471525846_5516011002010796032_n.jpg?_nc_cat=105&amp;_nc_ht=scontent.fbkk2-8.fna&amp;oh=081ada6e6f3fa14a8d1af528ba401316&amp;oe=5CB1AB8C\" style=\"max-width:960px; width:720px\" /></span></span></p>\r\n\r\n<p style=\"text-align:center\">&nbsp;</p>\r\n\r\n<p style=\"text-align:center\"><span style=\"color:#0066ff\"><span style=\"font-size:18px\"><img alt=\"\" src=\"https://scontent.fbkk2-8.fna.fbcdn.net/v/t1.0-9/46176143_1987793508192509_8829536390648692736_n.jpg?_nc_cat=105&amp;_nc_ht=scontent.fbkk2-8.fna&amp;oh=616031c3fe96a622b4f3a865a5c46c06&amp;oe=5C741944\" style=\"max-width:960px; width:720px\" /></span></span></p>\r\n\r\n<p style=\"text-align:center\">&nbsp;</p>\r\n\r\n<p style=\"text-align:center\"><span style=\"color:#0066ff\"><span style=\"font-size:18px\"><img alt=\"\" src=\"https://scontent.fbkk2-7.fna.fbcdn.net/v/t1.0-9/46158469_1987793518192508_2911186145272397824_n.jpg?_nc_cat=110&amp;_nc_ht=scontent.fbkk2-7.fna&amp;oh=3b13fc98df943c3a8c825f73d19e5685&amp;oe=5C71F6F4\" style=\"max-width:960px; width:720px\" /></span></span></p>\r\n\r\n<p style=\"text-align:center\">&nbsp;</p>\r\n\r\n<p style=\"text-align:center\"><span style=\"color:#0066ff\"><span style=\"font-size:18px\"><img alt=\"\" src=\"https://scontent.fbkk2-7.fna.fbcdn.net/v/t1.0-9/46134611_1987793541525839_7618171870180802560_n.jpg?_nc_cat=111&amp;_nc_ht=scontent.fbkk2-7.fna&amp;oh=b12886362d2d48928294514ad909578b&amp;oe=5C7E7F12\" style=\"max-width:960px; width:720px\" /></span></span></p>\r\n\r\n<p style=\"text-align:center\">&nbsp;</p>\r\n\r\n<p style=\"text-align:center\"><span style=\"color:#0066ff\"><span style=\"font-size:18px\"><img alt=\"\" src=\"https://scontent.fbkk2-7.fna.fbcdn.net/v/t1.0-9/45973433_1987793554859171_4036390452096663552_n.jpg?_nc_cat=101&amp;_nc_ht=scontent.fbkk2-7.fna&amp;oh=a370291cd4190bf0903f7313f0ee7b66&amp;oe=5C7399B0\" style=\"max-width:960px; width:720px\" /></span></span></p>\r\n\r\n<p style=\"text-align:center\">&nbsp;</p>\r\n\r\n<p style=\"text-align:center\"><span style=\"color:#0066ff\"><span style=\"font-size:18px\"><img alt=\"\" src=\"https://scontent.fbkk2-7.fna.fbcdn.net/v/t1.0-9/46067375_1987793601525833_3435774889619881984_n.jpg?_nc_cat=106&amp;_nc_ht=scontent.fbkk2-7.fna&amp;oh=3d55e0f598df6542663f48959cbc7f23&amp;oe=5C771C9C\" style=\"max-width:960px; width:720px\" /></span></span></p>\r\n\r\n<p style=\"text-align:center\">&nbsp;</p>\r\n\r\n<p style=\"text-align:center\"><span style=\"color:#0066ff\"><span style=\"font-size:18px\"><img alt=\"\" src=\"https://scontent.fbkk2-8.fna.fbcdn.net/v/t1.0-9/46063585_1987793618192498_271496822789242880_n.jpg?_nc_cat=102&amp;_nc_ht=scontent.fbkk2-8.fna&amp;oh=77cd4e6e9461092b2cbf8789f78b664f&amp;oe=5C675E1B\" style=\"max-width:960px; width:720px\" /></span></span></p>\r\n\r\n<p style=\"text-align:center\">&nbsp;</p>\r\n\r\n<p style=\"text-align:center\"><span style=\"color:#0066ff\"><span style=\"font-size:18px\"><img alt=\"\" src=\"https://scontent.fbkk2-7.fna.fbcdn.net/v/t1.0-9/46118114_1987793684859158_532658489680461824_n.jpg?_nc_cat=106&amp;_nc_ht=scontent.fbkk2-7.fna&amp;oh=7f22cd295c79507079b5c6253cf05734&amp;oe=5CAE6ADE\" style=\"max-width:960px; width:720px\" /></span></span></p>\r\n\r\n<p style=\"text-align:center\">&nbsp;</p>\r\n\r\n<p style=\"text-align:center\"><span style=\"color:#0066ff\"><span style=\"font-size:18px\"><img alt=\"\" src=\"https://scontent.fbkk2-7.fna.fbcdn.net/v/t1.0-9/46093496_1987793721525821_5122260898668347392_n.jpg?_nc_cat=106&amp;_nc_ht=scontent.fbkk2-7.fna&amp;oh=ec27e112da858b9aef419b6b320e8924&amp;oe=5C6F00BC\" style=\"max-width:960px; width:720px\" /></span></span></p>\r\n\r\n<p style=\"text-align:center\">&nbsp;</p>\r\n\r\n<p style=\"text-align:center\"><span style=\"color:#0066ff\"><span style=\"font-size:18px\"><img alt=\"\" src=\"https://scontent.fbkk2-7.fna.fbcdn.net/v/t1.0-9/46131366_1987793734859153_7444344686761738240_n.jpg?_nc_cat=110&amp;_nc_ht=scontent.fbkk2-7.fna&amp;oh=3a1ae54f0b6707733debf9f4ed1d4374&amp;oe=5C70E11D\" style=\"max-width:960px; width:720px\" /></span></span></p>\r\n\r\n<p style=\"text-align:center\">&nbsp;</p>\r\n\r\n<p style=\"text-align:center\"><span style=\"color:#0066ff\"><span style=\"font-size:18px\"><img alt=\"\" src=\"https://scontent.fbkk2-7.fna.fbcdn.net/v/t1.0-9/46221291_1987793761525817_1294977071180677120_n.jpg?_nc_cat=101&amp;_nc_ht=scontent.fbkk2-7.fna&amp;oh=70736bca9fb2b6ac44b55b97bc87d6ca&amp;oe=5CA8A062\" style=\"max-width:960px; width:720px\" /></span></span></p>\r\n\r\n<p style=\"text-align:center\">&nbsp;</p>\r\n\r\n<p style=\"text-align:center\"><span style=\"color:#0066ff\"><span style=\"font-size:18px\"><img alt=\"\" src=\"https://scontent.fbkk2-8.fna.fbcdn.net/v/t1.0-9/46096464_1987793834859143_6362255516512550912_n.jpg?_nc_cat=104&amp;_nc_ht=scontent.fbkk2-8.fna&amp;oh=d618ed2b8e991b3900e61547d6860956&amp;oe=5CB24BBA\" style=\"max-width:960px; width:720px\" /></span></span></p>\r\n\r\n<p style=\"text-align:center\">&nbsp;</p>\r\n\r\n<p style=\"text-align:center\"><span style=\"color:#0066ff\"><span style=\"font-size:18px\"><img alt=\"\" src=\"https://scontent.fbkk2-7.fna.fbcdn.net/v/t1.0-9/46091572_1987793844859142_7964632094376722432_n.jpg?_nc_cat=106&amp;_nc_ht=scontent.fbkk2-7.fna&amp;oh=0fde4b272c35906a5fc2f5c6af07e12c&amp;oe=5CABD949\" style=\"max-width:960px; width:720px\" /></span></span></p>\r\n\r\n<p style=\"text-align:center\">&nbsp;</p>\r\n\r\n<p style=\"text-align:center\"><span style=\"color:#0066ff\"><span style=\"font-size:18px\"><img alt=\"\" src=\"https://scontent.fbkk2-8.fna.fbcdn.net/v/t1.0-9/46281762_1987793858192474_5079082278181666816_n.jpg?_nc_cat=103&amp;_nc_ht=scontent.fbkk2-8.fna&amp;oh=98268a8fe1c0e60de0e1210946b3d668&amp;oe=5CAA71E4\" style=\"max-width:960px; width:720px\" /></span></span></p>\r\n\r\n<p style=\"text-align:center\">&nbsp;</p>\r\n\r\n<p style=\"text-align:center\"><span style=\"color:#0066ff\"><span style=\"font-size:18px\">ค่าใช้จ่ายตลอดทริป 4,500 บาท (3 วัน 2 คืน)</span></span></p>', 'img/reviews/20181124-015241-munnok.jpg', 45, '2018-11-23 18:52:41', '2018-11-23 19:18:47', '2018-11-21 17:00:00', '2018-11-23 19:18:47', 15, 49);
INSERT INTO `reviews` (`id`, `title`, `body`, `cover_image`, `view`, `created_at`, `updated_at`, `published_at`, `newcomment_at`, `user_id`, `province_id`) VALUES
(19, 'มาระนองต้องไม่พลาด 20 จุดเช็คอิน', '<p style=\"text-align:center\"><img alt=\"\" src=\"https://scontent.fbkk2-8.fna.fbcdn.net/v/t31.0-8/25182127_2010926965787578_5823987038147393060_o.jpg?_nc_cat=102&amp;_nc_ht=scontent.fbkk2-8.fna&amp;oh=28f5211575083c426b32085164a3221e&amp;oe=5C6FA2E8\" style=\"max-width:960px; width:720px\" /></p>\r\n\r\n<p style=\"text-align:center\">&nbsp;</p>\r\n\r\n<p style=\"text-align:justify\"><span style=\"font-size:18px\"><span style=\"color:#3498db\">หมู่เกาะมังกร &ldquo;หมู่เกาะมังกร&rdquo; เป็นหนึ่งในหมู่เกาะมะริดเช่นเดียวกับเกาะพม่าอื่นๆที่เปิดอยู่ตอนนี้ ทริปหมู่เกาะมังกรจะได้ดำน้ำ 2 จุด และขึ้นเกาะ 2 จุด ปะการังที่นี่อุดมสมบูรณ์มีทั้งปะการังเขากวาง ปะการังผักกาดส่วนใหญ่เป็นปะการังแข็งซึ่งหาได้ยากแล้วในทะเลฝั่งบ้านเรา ปะการังแข็งที่เห็นส่วนใหญ่มีอายุหลายสิบปีถือว่าใต้ทะเลทริปนี้สวยงามมากๆ<br />\r\n<strong>การเดินทาง :</strong> ถึงว่าเกาะจะอยู่ในพม่าแต่เราเดินทางได้จากฝั่งไทยที่จังหวัดระนอง การเดินทางไประนองมีทั้งรถทัวร์และเครื่องบิน นั่งรถทัวร์ลงในเมืองระนองจะอยู่ใกล้ท่าเรือมากกว่านั่งเครื่อง สนามบินระนองจะอยู่ห่างออกไปไม่ไกลแต่ว่าการเดินทางมาท่าเรือจะไกลกว่าและเสียค่าใช้จ่ายมากกว่า<br />\r\n<strong>ที่พักที่สะดวกที่สุด :</strong> พักที่ตัวเมืองระนองจะสะดวกสุดโรงแรมในระนองส่วนใหญ่จะเป็นโรงแรมขนาดเล็กควรพักแถวถนนเรืองราษฎร์จะเดินทางสะดวกหาของกินง่าย ราคาโรงแรมส่วนใหญ่มีตั้งแต่ 500 &ndash; 1,200 บาท<br />\r\n<strong>จุดเด่นของที่นี่ :</strong> ทริปหมู่เกาะมังกรมีกิจกรรมที่ไม่มีในทริปอื่นคือการเดินขึ้นจุดชมวิว เราจะได้ชมวิวจากมุมสูงเห็นความสวยงามของท้องทะเลกันด้วย และอย่างที่บอกว่าจุดดำน้ำของทริปนี้ก็อุดมสมบูรณ์ไปด้วยปะการังและปลาต่างๆ<br />\r\n<strong>ทะเลที่นี่เหมาะกับใคร??? :</strong> ทริปหมู่เกาะมังกรหลังจากที่ได้ไปสัมผัสมาถึง 2 ครั้ง ทริปนี้เหมาะสำหรับคนชอบดำน้ำ โดยเฉพาะดำแบบ snorkle เพราะน้ำที่นี่ค่อนข้างติ้น&nbsp;ทำให้เราสามารถมองเห็นปะการังได้ชัดเจนโดยไม่ต้องดำน้ำไป เหมาะสำหรับมือใหม่หัดดำน้ำเป็นอย่างยิ่ง<br />\r\n<strong>ราคา : </strong>One day trip ผู้ใหญ่ 3,500 ต่อคน / เด็ก 2,700 ต่อคน</span></span></p>\r\n\r\n<p style=\"text-align:center\">&nbsp;</p>\r\n\r\n<p style=\"text-align:center\"><img alt=\"\" src=\"https://scontent.fbkk2-8.fna.fbcdn.net/v/t31.0-8/25311303_2010920042454937_3268586788061004091_o.jpg?_nc_cat=100&amp;_nc_ht=scontent.fbkk2-8.fna&amp;oh=afcd54f1ca1f992f82477c07fab0dcc3&amp;oe=5C7E10BC\" style=\"max-width:960px; width:720px\" /></p>\r\n\r\n<p style=\"text-align:center\">&nbsp;</p>\r\n\r\n<p style=\"text-align:justify\"><span style=\"font-size:18px\"><span style=\"color:#3498db\">หาดมาดาม เกาะนาวโอพี เกาะนาวโอพี&rdquo; เกาะสวรรค์แห่งใหม่!!!! กลางทะเลอันดามัน แต่ว่าเกาะนี้ไม่ได้อยู่ในฝั่งไทยนะ เป็นเกาะที่อยู่ในหมู่เกาะมากุยแห่งท้องทะเลเมียนมาร์ ทะเลฝั่งเมียนมาร์ขึ้นชื่อเรื่องความอุดมสมบูรณ์อยู่แล้ว เนื่องจากเค้าปิดประเทศกันมานาน จนมาถึงตอนนี้ Love Andaman ได้เปิดเส้นทางให้พวกเราได้สัมผัส ความงามของ &ldquo;เกาะนาวโอพี&rdquo; นอกจากใต้ท้องทะเลจะสมบูรณ์มากๆแล้ว ทริปนี้ Love Andaman นำเสนอ &ldquo;หาดมาดาม&rdquo; หาดที่สวยที่สุด น้ำหน้าหาดใสที่สุดของเกาะนาวโอพี บอกเลยว่ามีที่ Love Andaman เจ้าเดียวเท่านั้นที่พาไปที่นี่นะครับ.. เจ้าอื่นหรอ ได้แค่โฉบๆ อยู่ข้างนอก... !!! เพราะฉะนั้นอย่าไปจองผิดที่&nbsp;ถ้าจะไป หาดมาดาม ต้อง Love Andaman เจ้าเดียวเท่านั้น น้ำที่หาดมาดามใสราวกับกระจก ส่วนชายหาดทอดยาว ทรายขาวละเอียด นอกจากความสวยงามของธรรมชาติ Love Andaman เตรียมต้อนรับทุกคนด้วยไลน์อาหารสุดอลังการ มาทริปนี้ทั้งอิ่มอก อิ่มใจ อิ่มท้อง </span></span><br />\r\n<span style=\"font-size:18px\"><span style=\"color:#3498db\"><strong>ค่าเสียหาย :</strong> รถทัวร์ไป- กลับ VIP ลีมูซีน 15ม.ของสมบัติทัวร์ 1,254 บาท /&nbsp;ค่าทริป one day trip 3,700 และทริป Overnight 6,700 บาทต่อคน </span></span></p>\r\n\r\n<p style=\"text-align:justify\"><span style=\"font-size:18px\"><span style=\"color:#3498db\">***ราคาขึ้นมีความแตกต่างขึ้นอยู่กับบริษัททัวร์ที่ท่านเลือก</span></span></p>\r\n\r\n<p style=\"text-align:center\">&nbsp;</p>\r\n\r\n<p style=\"text-align:center\"><img alt=\"\" src=\"https://scontent.fbkk2-8.fna.fbcdn.net/v/t31.0-8/25299876_2010921012454840_3372150143088204224_o.jpg?_nc_cat=109&amp;_nc_ht=scontent.fbkk2-8.fna&amp;oh=dbb10c6463abee4fc032285db663bfb9&amp;oe=5C717692\" style=\"max-width:960px; width:720px\" /></p>\r\n\r\n<p style=\"text-align:center\">&nbsp;</p>\r\n\r\n<p style=\"text-align:justify\"><span style=\"font-size:18px\"><span style=\"color:#3498db\">บ้านไร่ไออรุณ บ้านไร่ไออรุณชื่อนี้นาทีนี้สายเที่ยวคงไม่มีใครไม่รู้จัก บ้านไม้น่ารักในฟาร์มเล็กๆ บ้านพักที่เต็มไปด้วยไอเดียการออกแบบของคุณเบสเจ้าของบ้านไร่ไออรุณนั่นเอง นอกจากความน่ารักของบ้านความมุ่งมั่นและแนวคิดของคุณเบสก็เป็นอะไรที่น่าสนใจและดึงดูดให้ใครๆก็อยากไปสัมผัสบ้านไร่ไออรุณแห่งนี้<br />\r\n<strong>FB :</strong> บ้านไร่ ไออรุณ baan rai i arun<br />\r\n<strong>ราคา :</strong> สอบถามทางที่พักบ้านไรไออรุณโดยตรง<br />\r\n<strong>เบอร์โทร :</strong> 096-938-2981<br />\r\n<strong>พิกัด : </strong>อ. กะเปอร์ จ. ระนอง&nbsp;</span><a href=\"https://goo.gl/maps/2UcU7G62nv22?fbclid=IwAR1BweCVKabt9yQZCDt556kw2j9qy4-cKOZcJz1aWvIps7qLA8mVtWj0imk\" rel=\"nofollow noopener\" target=\"_blank\"><span style=\"color:#3498db\">https://goo.gl/maps/2UcU7G62nv22</span></a></span></p>\r\n\r\n<p style=\"text-align:center\">&nbsp;</p>\r\n\r\n<p style=\"text-align:center\"><img alt=\"\" src=\"https://scontent.fbkk2-7.fna.fbcdn.net/v/t1.0-9/24993464_2010919829121625_6949103365388607373_n.jpg?_nc_cat=108&amp;_nc_ht=scontent.fbkk2-7.fna&amp;oh=db017e662d0a2a588758f9dbfff3a54e&amp;oe=5C64AE03\" style=\"max-width:960px; width:720px\" /></p>\r\n\r\n<p style=\"text-align:center\">&nbsp;</p>\r\n\r\n<p style=\"text-align:justify\"><span style=\"font-size:18px\"><span style=\"color:#3498db\">โตนเพชรโตนเพชร กรีนเนอร์รี่ การ์เด้น จ.ระนอง&nbsp;<br />\r\nปล่อยให้เวลาเดินช้าลง คำจำกัดความของโตนเพชร กรีนเนอร์รี่ การ์เด้น ที่เจ้าของคือคุณเตยให้ไว้&nbsp;<br />\r\nก่อนหน้านี้ที่นี้เปิดเป็นสถานที่ไว้ทานอาหารเล่นน้ำพักผ่อนมีนวดไทย แต่ตอนนี้เปิดบ้านพักหลังใหม่เอี่ยมเรียกได้ว่ากรุ๊ปเราไปประเดิมเลยก็ว่าได้ ทำเลที่นี่บอกเลยว่าเทพมากๆอยู่แล้ว แค่มานั่งทานอาหารเล่นน้ำก็โคตรฟิน แต่ตอนนี้มีที่พักไม่ต้องสืบเลยดีงามจริงๆ เรานอนบ้านไม้สองชั้นริมน้ำนอนฟังเสียงน้ำทั้งคืน ห้องพักไม่มีแอร์แต่ก็ไม่จำเป็นเพราะอากาศตอนกลางคืนเย็นสบายมาก นอนหลับสบายมีเสียงสายน้ำกล่อมให้หลับ มันฟินอ่ะไม่รู้จะบอกยังไง แถมราคาต้องบอกว่าดีงามคุ้มยิ่งกว่าแฟลตปลาทองอีกแก<br />\r\n<strong>FB :</strong> Ton Phet Greenery Garden โตนเพชร กรีนเนอรี การ์เด้น<br />\r\n<strong>ราคา :</strong> เต้นท์หลังละ 1,250 บาท พักได้ 2 คน / บ้านพัก สำหรับ 4-6 คน ราคาคนละ 850 บาท รวมอาหาร 2 มื้อ(โคตรคุ้ม)<br />\r\nเบอร์โทร : 099-632-2451<br />\r\n<strong>พิกัด :</strong> อ.เมือง จ.ระนอง อยู่ห่างจากสนามบินจังหวัดระนอง 10 นาที&nbsp;</span><a href=\"https://goo.gl/maps/yTynuUndiA52?fbclid=IwAR1PKh2WFsEFj6HthVcFo9i-5vkfKD-ybr9VqwlveH9BGCCBgP4oGLvvha8\" rel=\"nofollow noopener\" target=\"_blank\"><span style=\"color:#3498db\">https://goo.gl/maps/yTynuUndiA52</span></a></span></p>\r\n\r\n<p style=\"text-align:center\">&nbsp;</p>\r\n\r\n<p style=\"text-align:center\"><img alt=\"\" src=\"https://scontent.fbkk2-8.fna.fbcdn.net/v/t31.0-8/25311043_2010920855788189_5913958826517321183_o.jpg?_nc_cat=102&amp;_nc_ht=scontent.fbkk2-8.fna&amp;oh=1ae2fc5fe4f33db81ae8ca56ac009592&amp;oe=5CA84C16\" style=\"max-width:960px; width:720px\" /></p>\r\n\r\n<p style=\"text-align:center\">&nbsp;</p>\r\n\r\n<p style=\"text-align:justify\"><span style=\"font-size:18px\"><span style=\"color:#3498db\">บ้านในหมง บ้านในหมง...บ้านในป่า หมงก็คือป่าในภาษาใต้นั่นเองให้เรียกแบบสวยๆก็คงเป็นบ้านเล็กในป่าใหญ่แต่ที่นี่แถมมีลำธารไหลผ่านหน้าบ้านอีกด้วย ใครมาที่นี่ต้องหลงรักในความร่มรื่นแน่นอนบ้านพักแต่ละหลังจะซ่อนตัวอยู่ภายใต้ร่มไม้ของธรรมชาติ มาพักที่นี่บอกก่อนว่าไม่ใช่โรงแรมนะคะถ้าโหยหาการบริการชั้นยอดแนะนำให้ไปนอนโรงแรม แต่ตลอดเวลาที่อยู่ที่นี่คุณจะได้อยู่กับครอบครัว อยู่กับคนรัก หรือแม้กระทั่งอยู่กับตัวเองอย่างแท้จริง เพราะจะไม่มีใครมารบกวนที่นี่ค่อนข้างมีความเป็นส่วนตัวและเงียบสงบมากๆ&nbsp;<br />\r\n<strong>FB : </strong>บ้านในหมง Treehouse&nbsp;<br />\r\n<strong>ราคา :</strong> บ้านระเบียงไม้ Loft cabin (air con) / 2,450 บาท 2 ท่าน<br />\r\nบ้านระเบียงน้ำ Private Garden-house / 2,655 บาท 2 ท่าน<br />\r\nบ้านระเบียงฝน Rainforest cabin (air con) / 3,555 บาท 4 ท่าน<br />\r\nบ้านหลังคาดาว Glasshouse cabin (air con) / 2,950 บาท 2 ท่าน Extra bed ฟูกเสริม 500 บาทต่อท่าน<br />\r\nกระท่อมไม้สน Eco cabin (พัดลม) / 1,950 บาท 3 ท่าน<br />\r\n<strong>เบอร์โทร :</strong> ติดต่อสอบถามหรือจองห้องพักติดต่อในอินบ๊อกซ์เพจบ้านในหมงค่ะ<br />\r\n<strong>พิกัด :</strong> อ.เมือง จ.ระนอง เข้าซอยที่มีป้ายข้างหน้าว่าสำนักสงฆ์ 7 ท่อ หรือ เดอะฮิดเด้นรีสอร์ท ซอยเดียวกันค่ะ จากนั้นขับตรงมาอีกประมาณ 2 กิโลเมตรให้สังเกตประตูสีแดงๆส้มๆค่ะ</span><br />\r\n<a href=\"https://goo.gl/maps/msFshQZ4G1y?fbclid=IwAR1b2DEWGrJZRvv8ooZIa_MWdiyQ_NkKF_YoV-y1OTPjfBgEG2dxpxkt_I8\" rel=\"nofollow noopener\" target=\"_blank\"><span style=\"color:#3498db\">https://goo.gl/maps/msFshQZ4G1y</span></a></span></p>\r\n\r\n<p style=\"text-align:center\">&nbsp;</p>\r\n\r\n<p style=\"text-align:center\"><img alt=\"\" src=\"https://scontent.fbkk2-8.fna.fbcdn.net/v/t31.0-8/25075107_2010920222454919_1529859594928086663_o.jpg?_nc_cat=107&amp;_nc_ht=scontent.fbkk2-8.fna&amp;oh=3427a059f42be878a8138b80dbbc4ed2&amp;oe=5CAE4AC3\" style=\"max-width:960px; width:720px\" /></p>\r\n\r\n<p style=\"text-align:center\">&nbsp;</p>\r\n\r\n<p style=\"text-align:justify\"><span style=\"font-size:18px\"><span style=\"color:#3498db\">ภูเขาหญ้า ภูเขาหญ้าหรือเขาหัวล้าน หรือเขาผี อยู่ในเขต ต.หงาว จากเขตเทศบาลเมืองไปตามทางหลวงหมายเลข 4 (ระนอง-พังงา) ภูเขาหญ้าเป็นเนินไม่สูงมาก&nbsp;ลักษะณะโดยทั่วไปเป็นทุ่งหญ้าเล็กใหญ่และเป็นพื้นที่โล่งกว้างขนาดใหญ่ ล้อมด้วยภูเขาสูงที่สามารถ เดินขึ้นไปชมวิวทิวทัศน์ได้&nbsp;ช่วงฤดูแล้งสีสันของทุ่งหญ้าคล้ายกับสีทองและเขียวปะปนกันบาง บริเวณหญ้าสูงท่วมหัว มีต้นไม้พุ่มเตี้ย ๆ ประปราย การเดินขึ้นไปชมภูเขาหญ้านอกจากจะชมได้จากลานกว้างด้านล่างแล้ว สามารถขึ้นไปชมวิวในมุมสูง มีทางราบเชิงเขามี ทางเดินเท้าสำหรับนักท่องเที่ยวขึ้นสู่บนสันเขาเพื่อชมทิวทัศน์โดยรอบ ซึ่งภูเขาแต่ละลูกไม่สูงมาก&nbsp;สามารถเดินเท้าขึ้นไปตามทางได้ สามารถชมวิวจากบนวัดได้ รถสามารถขึ้นมาถึง หรือใครอยากจะเดินนขึ้นบันไดมังกรก็สามารถเดินขึ้นมาได้เหมือนกันครับ เป็นที่ประดิษฐานพระพุทธไสยาสน์ที่ใหญ่ที่สุดในภาคใต้ มีความยาวถึง 22 เมตร ในการก่อสร้างพระมีนายช่างของกรมศิลปกรมาควบคุมการก่อสร้าง พระพุทธรูปจึงมีรูปทรงที่สวยงามมาก</span></span></p>\r\n\r\n<p style=\"text-align:center\">&nbsp;</p>\r\n\r\n<p style=\"text-align:center\"><img alt=\"\" src=\"https://scontent.fbkk2-8.fna.fbcdn.net/v/t31.0-8/25300015_2010920065788268_8276132001191517356_o.jpg?_nc_cat=107&amp;_nc_ht=scontent.fbkk2-8.fna&amp;oh=661a8c4bc1229ca0319f1a6ec3d2b71f&amp;oe=5C6E2B51\" style=\"max-width:960px; width:720px\" /></p>\r\n\r\n<p style=\"text-align:center\">&nbsp;</p>\r\n\r\n<p style=\"text-align:justify\"><span style=\"font-size:18px\"><span style=\"color:#3498db\">เขาฝาชี ยอดเขาฝาชีนั้นเป็นสถานที่ชมวิวที่งดงาม โดยเฉพาะยามตะวันลับฟ้าในตอนเย็น เราจะสามารถมองเห็น วิวแม่น้ำกระบุรีไหลบรรจบกับแม่น้ำละอุ่นก่อนไหลสู่ทะเลอันดามัน ทั้งยังมีเกาะแก่งน้อยใหญ่กระจายเป็นจุดๆ ก่อเกิดเป็นทัศนียภาพที่น่าประทับใจ<br />\r\nอีกทั้งยังสามารถมองเห็นฝั่งเมียนมาร์ได้อย่างชัดเจน โดยเฉพาะในฤดูหนาวช่วงเดือนพฤศจิกายนถึงเดือนธันวาคมแสงสีสุดท้ายของท้องฟ้าจะสดสวยงดงามมากที่สุด ชมทิวทัศน์บนจุดสูงสุดของภูเขาเล็กๆ ที่มีลักษณะคล้ายฝาชีซึ่งอยู่สูงจากระดับน้ำทะเลปานกลาง 259 เมตรแห่งนี้ ทางขึ้นรถขับถึงเลยครับ ลาดยางอย่างดี อยู่ติดกับจุดที่คลองละอุ่นไหลลงแม่น้ำกระบุรี และอ่าวที่กั้นระหว่างจังหวัดระนองกับเมียนมาร์</span></span></p>\r\n\r\n<p style=\"text-align:center\">&nbsp;</p>\r\n\r\n<p style=\"text-align:center\"><img alt=\"\" src=\"https://scontent.fbkk2-8.fna.fbcdn.net/v/t31.0-8/25300015_2010920065788268_8276132001191517356_o.jpg?_nc_cat=107&amp;_nc_ht=scontent.fbkk2-8.fna&amp;oh=661a8c4bc1229ca0319f1a6ec3d2b71f&amp;oe=5C6E2B51\" style=\"max-width:960px; width:720px\" /></p>\r\n\r\n<p style=\"text-align:center\">&nbsp;</p>\r\n\r\n<p style=\"text-align:center\"><img alt=\"\" src=\"https://scontent.fbkk2-7.fna.fbcdn.net/v/t31.0-8/25299804_2010920355788239_7325706310118341033_o.jpg?_nc_cat=108&amp;_nc_ht=scontent.fbkk2-7.fna&amp;oh=51d01ed23458df2d30e34ad1b7b4b744&amp;oe=5C754F10\" style=\"max-width:960px; width:720px\" /></p>\r\n\r\n<p style=\"text-align:center\">&nbsp;</p>\r\n\r\n<p style=\"text-align:justify\"><span style=\"font-size:18px\"><span style=\"color:#3498db\">น้ำตกปุณญาบาล เป็นน้ำตกขนาดใหญ่ที่สวยมากๆแห่งหนึ่งของจังหวัดระนองเลยเดิมชื่อน้ำตกเส็ดตะกวด ตั้งอยู่หมู่ที่ 1 ตำบลบางนอน อำเภอเมือง ตามทางหลวงหมายเลข 4 ไปทางจังหวัดชุมพร กม. ที่ 597 ด้านขวามือมีน้ำตกไหลจากที่สูงประมาณ 20 เมตร อยู่ริมทางหลวงเหมาะสำหรับนักท่องเที่ยวแวะพักผ่อน มีบริเวณที่จอดรถ ร้านอาหาร ร้านขายของที่ระลึก</span></span></p>\r\n\r\n<p style=\"text-align:center\">&nbsp;</p>\r\n\r\n<p style=\"text-align:center\"><img alt=\"\" src=\"https://scontent.fbkk2-7.fna.fbcdn.net/v/t31.0-8/25188669_2010920705788204_3191677112746799712_o.jpg?_nc_cat=108&amp;_nc_ht=scontent.fbkk2-7.fna&amp;oh=fb1d423781122c08e097d94bccdbdfab&amp;oe=5CABDC61\" style=\"max-width:960px; width:720px\" /></p>\r\n\r\n<p style=\"text-align:center\">&nbsp;</p>\r\n\r\n<p style=\"text-align:justify\"><span style=\"font-size:18px\"><span style=\"color:#3498db\">น้ำตกหงาว&nbsp;เป็นสถานที่ท่องเที่ยวที่มีชื่อเสียงของจังหวัดระนอง ตั้งอยู่บริเวณที่ทำการอุทยานแห่งชาติน้ำตกหงาว ถ้าหากขับรถจากตัวเมืองระนองมุ่งหน้าไปอำเภอกะเปอร์จะต้องมองเห็นน้ำตกหงาวแน่นอนเพราะเป็นน้ำตกใหญ่ที่ไหลลงมาจากภูเขา เป็นแหล่งที่พบปูชนิดใหม่ของโลก คือ ปูเจ้าฟ้า และมีพรรณไม้ที่น่าสนใจ คือ โกมาสุม หรือ เอื้องเงินหลวง ซึ่งออกดอกในช่วงเดือนตุลาคม &ndash; ธันวาคม</span></span></p>\r\n\r\n<p style=\"text-align:center\">&nbsp;</p>\r\n\r\n<p style=\"text-align:center\"><img alt=\"\" src=\"https://scontent.fbkk2-7.fna.fbcdn.net/v/t31.0-8/25188626_2010919889121619_3233226163784168953_o.jpg?_nc_cat=111&amp;_nc_ht=scontent.fbkk2-7.fna&amp;oh=06c1cf51361f7d7d1b769eca1c88f5a0&amp;oe=5C6A87D1\" style=\"max-width:960px; width:720px\" /></p>\r\n\r\n<p style=\"text-align:center\">&nbsp;</p>\r\n\r\n<p style=\"text-align:justify\"><span style=\"color:#3498db\"><span style=\"font-size:18px\">วัดหงาว หรือ วัดบ้านหงาว เป็นวัดที่มีความสวยงามบนพื้นที่กว้างขวางมาก ด้วยเหตุที่ระนองเป็นเมืองที่มีแร่จำนวนมาก เดิมชื่อเมืองแร่นอง แล้วค่อยเพี้ยนมาเป็นระนอง แร่เหล่านั้นได้ดีบุกในยุคที่ดีบุกมีราคาสูงมาก แล้วได้เลิกการสัมปทานเหมืองแร่ลง วัดแห่งนี้จึงได้สร้างพระพุทธรูปที่หลอมจากแร่ดีบุกบริสุทธิ์ที่งดงามขนาดใหญ่เป็นพระประธานในอุโบสถ ส่วนพระพุทธรูปที่ประดิษฐานเหนือผนังด้านในตรงข้ามองค์พระประธานก็สร้างด้วยดีบุกที่ไม่ผ่านการถลุงคัดแยกสิ่งเจือปนออก จึงได้องค์พระเป็นสีดำ ชาวบ้านเรียกกันว่าหลวงพ่อดำ หลายคนที่มาสักการะกราบไหว้พระดีบุก แล้วลืมสักการะหลวงพ่อดำ มักจะได้กลับมาที่ระนองอีกครั้งเพื่อไหว้หลวงพ่อดำ ตรงข้ามวัดจะมองเห็นน้ำตกหงาว</span></span></p>\r\n\r\n<p style=\"text-align:center\">&nbsp;</p>\r\n\r\n<p style=\"text-align:center\"><img alt=\"\" src=\"https://scontent.fbkk2-8.fna.fbcdn.net/v/t31.0-8/25394962_2010920545788220_4816553479753820295_o.jpg?_nc_cat=100&amp;_nc_ht=scontent.fbkk2-8.fna&amp;oh=7f7fcad0310d35761b14db4fcb6339d3&amp;oe=5CACBCE0\" style=\"max-width:960px; width:720px\" /></p>\r\n\r\n<p style=\"text-align:center\">&nbsp;</p>\r\n\r\n<p style=\"text-align:center\">&nbsp;</p>\r\n\r\n<p style=\"text-align:justify\"><span style=\"color:#3498db\"><span style=\"font-size:18px\">วัดบางนอน เป็นวัดที่ตั้งอยู่บนเนินเขา ล้อมรอบไปด้วยภูเขา วัดแห่งนี้สร้างโดยหลวงพ่อด่วน ถามวโร ท่านเป็นพระธุดงค์ที่มาจากจังหวัดสงขลา ชาวบ้านเลื่อมใสและศรัทธาในตัวท่านจึงได้พากันนิมนต์ท่านให้จำพรรษา ณ ที่แห่งนี้ที่ด้านล่างของวัดเป็นที่ตั้งของมหาทุติยเจดีย์ศรีบรรพต ซึ่งเป็นเจดีย์ที่มีรูปทรงคล้ายกับทางพม่า เนื่องจากวัดนี้เป็นที่ศรัทธาของชาวพม่าที่อาศัยอยู่ในระนอง จึงมีพระพม่า และช่างฝีมือของพม่ามาช่วยทำการสร้างเจดีย์นี้ ถือว่าเป็นเรื่องแปลกที่วัดไทยมีเจดีย์แบบพม่า</span></span></p>\r\n\r\n<p style=\"text-align:center\">&nbsp;</p>\r\n\r\n<p style=\"text-align:center\"><img alt=\"\" src=\"https://scontent.fbkk2-7.fna.fbcdn.net/v/t31.0-8/25182354_2010920252454916_1696413450551080254_o.jpg?_nc_cat=101&amp;_nc_ht=scontent.fbkk2-7.fna&amp;oh=f0d96a59dd630574da0515e05df17c2e&amp;oe=5C73B7E0\" style=\"max-width:960px; width:720px\" /></p>\r\n\r\n<p style=\"text-align:center\">&nbsp;</p>\r\n\r\n<p style=\"text-align:justify\"><span style=\"color:#3498db\"><span style=\"font-size:18px\">บ่อน้ำร้อน &ndash; สวนสาธารณะรักษะวาริน อยู่ห่างจากเขตเทศบาลเมืองระนองไปตามเส้นทางหลวงหมายเลข 4005 ห่างจากศาลากลางจังหวัดไปทางทิศตะวันออกประมาณ 2 กิโลเมตร อยู่ติดกับลำธารมีสะพานไม้สามารถเดินถ่ายรูปสวยๆได้ด้วยครับ ในปี พ.ศ. 2433 พระบาทสมเด็จพระจุลจอมเกล้าเจ้าอยู่หัว (รัชกาลที่ 5 ) เสด็จประพาสเมืองระนอง ได้พระราชทานชื่อถนนที่จะไปยังบ่อน้ำร้อนว่า &ldquo; ถนนชลระอุ &rdquo; บ่อน้ำร้อนซึ่งเกิดขึ้นเองตามธรรมชาตินี้มีอยู่&nbsp;3 บ่อ คือ บ่อพ่อ บ่อแม่และบ่อลูก ทั้ง 3 บ่อมีอุณหภูมิสูงประมาณ 65 องศาเซลเซียส น้ำพุร้อนแห่งนี้ได้รับการวิเคราะห์จากกรมวิทยาศาสตร์บริการว่าประกอบด้วยแร่ธาตุที่สำคัญ และน้ำพุร้อนในจังหวัดระนองเป็นแหล่งเดียวในประเทศไทยที่ไม่มีสารกำมะถันเจือปนอยู่เลย จึงทำให้ไม่มีกลิ่นของกำมะถันและมีความบริสุทธิ์สามารถรับทานได้จากแหล่งกำเนิดที่นี่ยามเย็นชาวเมืองจะนิยมมานั่งแช่ท้าลงในบ่อน้ำแร่ ที่นี่เปิดให้บริการฟรีเลยครับ</span></span></p>\r\n\r\n<p style=\"text-align:center\">&nbsp;</p>\r\n\r\n<p style=\"text-align:center\"><img alt=\"\" src=\"https://scontent.fbkk2-7.fna.fbcdn.net/v/t31.0-8/25189054_2010920765788198_7041295216553591715_o.jpg?_nc_cat=106&amp;_nc_ht=scontent.fbkk2-7.fna&amp;oh=0aab4d3ad179c39cead9b80e2cd2793b&amp;oe=5CA7DF87\" style=\"max-width:960px; width:720px\" /></p>\r\n\r\n<p style=\"text-align:center\">&nbsp;</p>\r\n\r\n<p style=\"text-align:center\"><span style=\"color:#3498db\"><span style=\"font-size:18px\">บ่อน้ำพุร้อนพรรั้ง บ่อน้ำร้อนพรรั้งบ่อนี้อนท่ามกลางธรรมชาติ บ่อน้ำร้อนจะตั้งสลับกับธารน้ำเย็นตามธรรมชาติ บ่อน้ำร้อนพรรั้งเกิดจากสายน้ำแร่ร้อนที่มีอุณหภูมิสูงประมาณ 35-40 องศาเซลเซียล ไหลซึมออกมาจากผิวดิน</span></span></p>\r\n\r\n<p style=\"text-align:center\">&nbsp;</p>\r\n\r\n<p style=\"text-align:center\"><img alt=\"\" src=\"https://scontent.fbkk2-8.fna.fbcdn.net/v/t31.0-8/25311247_2010920299121578_93675963747196397_o.jpg?_nc_cat=100&amp;_nc_ht=scontent.fbkk2-8.fna&amp;oh=42d1c906dfa087f4e59620e323d0014d&amp;oe=5C6D4658\" style=\"max-width:960px; width:720px\" /></p>\r\n\r\n<p style=\"text-align:center\">&nbsp;</p>\r\n\r\n<p style=\"text-align:justify\"><span style=\"color:#3498db\"><span style=\"font-size:18px\">ร้านคุ้นลิ้นร้านคุ้นลิ้นเป็นร้านอาหารใต้ท้องถิ่นจังหวัดระนองครับที่ไม่ได้มีเพียงแค่ความอร่อยเท่านั้นแต่ยังมีบริการกิจกรรมสนุกๆน่ารักๆอีกเพียบบบตั้งแต่เดินเข้าร้านจนมานั่งที่โต๊ะกันเล๊ยยย ยังไงก็ต้องสะดุดตากับตุ๊กตาไล่ฝนที่มีอยู่เต็มร้านเลยแถมบนโต๊ะยังมีให้เราทำตุ๊กตาไล่ฝนให้มาแขวนไว้ในร้านได้อีกด้วย แต่อย่าลืมเล่นกันเพลินจนลืมสั่งอาหารหล่ะ อาหารอร่อยๆรออยู่เพียบ ทั้งอาหารใต้ท้องถิ่นหรือแบบธรรมดาๆก็มีเมนูที่เยอะมากครับ หรือถ้านึกกันไม่ออกว่าจะสั่งอะไรมาทาน สิ่งนี้ช่วยท่านได้ครับ</span></span></p>\r\n\r\n<p style=\"text-align:justify\">&nbsp;</p>\r\n\r\n<p style=\"text-align:center\"><img alt=\"\" src=\"https://scontent.fbkk2-8.fna.fbcdn.net/v/t31.0-8/25358669_2010920002454941_2665782997619279304_o.jpg?_nc_cat=107&amp;_nc_ht=scontent.fbkk2-8.fna&amp;oh=07879b12c41caa8e08d505fa47da9ec9&amp;oe=5CAD982A\" style=\"max-width:960px; width:720px\" /></p>\r\n\r\n<p style=\"text-align:center\">&nbsp;</p>\r\n\r\n<p style=\"text-align:center\"><span style=\"font-size:18px\"><span style=\"color:#3498db\">ร้านบางละมุน ร้านตั้งอยู่บนถนนเรืองราษฎร์ ขายอาหาร น้ำชา กาแฟ น้ำปั่นต่างๆ และมีขนมปังแบบหนา พร้อมไอติม เรียก ฮันนี่โทสต์ หลากหลายมาก</span></span></p>\r\n\r\n<p style=\"text-align:center\">&nbsp;</p>\r\n\r\n<p style=\"text-align:center\"><img alt=\"\" src=\"https://scontent.fbkk2-7.fna.fbcdn.net/v/t31.0-8/25075049_2010920385788236_7145410975526963969_o.jpg?_nc_cat=106&amp;_nc_ht=scontent.fbkk2-7.fna&amp;oh=43d1191f398be2d33757b4f75dc1c3b6&amp;oe=5CB1CD96\" style=\"max-width:960px; width:720px\" /></p>\r\n\r\n<p style=\"text-align:center\">&nbsp;</p>\r\n\r\n<p style=\"text-align:justify\"><span style=\"font-size:18px\"><span style=\"color:#3498db\">ระนองแคนย่อน ระนองแคนย่อน ตั้งอยู่ที่บ้านทุ่งคา ต.หาดส้มแป้น อ.เมือง จังหวัดระนอง อยู่ห่างจากวัดหาดส้มแป้นประมาณ 3 ก.ม.ห่างจากตัวเมืองประมาณ 15 กม. โดยใช้เส้นทางเดียวกับบ่อน้ำพุร้อนรักษะวริณลักษณะของสถานที่ท่องเที่ยวจะมีความสวยงามแปลกตาคือเป็นสระน้ำขนาดย่อมที่โอบล้อมด้วยหุบเขาเหตุที่ที่นี่เป็นแอ่งน้ำล้อมภูเขาแบบนี้ ระนองแคนย่อน เป็นแหล่งท่องเที่ยวทางธรรมชาติ อีกจุดหนึ่งที่เหมาะสำหรับการพักผ่อน ทั้งในยามเช้าและยามเย็น และยังเป็นสถานที่ที่ชาวระนองนิยมไปนั่งพักผ่อน มีพื้นที่ที่แวดล้อมไปด้วยภูเขาหินขาว ซึ่งมีเป็นจำนวนมากในบริเวณบ้านหาดสมแป้น ซึ่งนำไปใช้ประโยชน์ในการทำแก้วจานชามกระเบื้องและเครื่องสุขภัณฑ์ ซึ่งหากในบรรยากาศยามเช้า สามารถนั่งชมน้ำไล่หมอกได้ที่ระนองแคนย่อน เพราะในกระแสน้ำของบึงยามเช้ามีสายหมอกล่องลอยระเหยขึ้น เมื่อได้สัมผัสกับแสงแดดอันอบอุ่นยามเช้า สามารถให้อาหารปลาที่อาศัยอยู่ในบึงน้ำได้ ปลาที่อาศัยอยู่ได้แก่ ปลาพลวง ปลาตะเพียนแดง ปลาดุก ฯลฯ มีร้านค้าจำหน่ายอาหารปลาอยู่บริเวณใกล้เคียงกับระนองแคนย่อน เนื่องมาจาก ที่นี่เคยเป็นเหมืองแร่เก่ามาก่อน ลักษณะเป็นเหมืองแบบฉีดโดยฉีดน้ำให้กัดเซาะดินปนแร่จากตัวภูเขาให้ลงมาสะสมในแอ่งน้ำด้านล่าง หลังจากนั้น ก็จะสูบน้ำในแอ่งขึ้นตามท่อ&nbsp;เพื่อนำมาผ่านกระบวนการทางกายภาพ เพื่อทำการแยกแร่ออกจากทรายที่ไม่มีค่า ทำให้สภาพภูเขาเกิดลักษณะเว้าๆ แหว่งๆ สวยงามแปลกตา</span></span></p>\r\n\r\n<p style=\"text-align:center\">&nbsp;</p>\r\n\r\n<p style=\"text-align:center\"><img alt=\"\" src=\"https://scontent.fbkk2-7.fna.fbcdn.net/v/t31.0-8/25075020_2010920455788229_2808871287329718086_o.jpg?_nc_cat=111&amp;_nc_ht=scontent.fbkk2-7.fna&amp;oh=128a322727ab1f72d7784ad38a854dcf&amp;oe=5CA6F7B0\" style=\"max-width:960px; width:720px\" /></p>\r\n\r\n<p style=\"text-align:center\">&nbsp;</p>\r\n\r\n<p style=\"text-align:center\"><span style=\"font-size:18px\"><span style=\"color:#3498db\">อ่างเก็บน้ำคลองหาดส้มแป้น อ่างเก็บน้ำตั้งอยู่ที่ตำบลหาดส้มแป้นแต่ไม่ต้องหาทะเลหรือชายหาดนะครับเพราะหาดส้มแป้นเป็นแค่ชื่อตำบลเฉยๆ ที่นี่บรรยากาศดีและที่นี่ยังไม่ค่อยมีนักท่องเที่ยวมาเยอะ ช่วงหลังฝนจะมีหมอกให้เห็นกันแบบนี้ด้วยครับ</span></span></p>\r\n\r\n<p style=\"text-align:center\">&nbsp;</p>\r\n\r\n<p style=\"text-align:center\"><img alt=\"\" src=\"https://scontent.fbkk2-8.fna.fbcdn.net/v/t31.0-8/25299862_2010920875788187_8290244820654553527_o.jpg?_nc_cat=100&amp;_nc_ht=scontent.fbkk2-8.fna&amp;oh=3c5a426871bad94cd86d02e55cf2d071&amp;oe=5CAD1C49\" style=\"max-width:960px; width:720px\" /></p>\r\n\r\n<p style=\"text-align:center\">&nbsp;</p>\r\n\r\n<p style=\"text-align:center\"><span style=\"font-size:18px\"><span style=\"color:#3498db\">ร้านกาแฟห้วยค้างคาว</span></span></p>\r\n\r\n<p style=\"text-align:center\">&nbsp;</p>\r\n\r\n<p style=\"text-align:center\"><img alt=\"\" src=\"https://scontent.fbkk2-7.fna.fbcdn.net/v/t31.0-8/25351949_2010919849121623_1499363646561575244_o.jpg?_nc_cat=111&amp;_nc_ht=scontent.fbkk2-7.fna&amp;oh=ce5aaca1eed2457add073a5690fea6c8&amp;oe=5C6F76CF\" style=\"max-width:960px; width:720px\" /></p>\r\n\r\n<p style=\"text-align:center\">&nbsp;</p>\r\n\r\n<p style=\"text-align:center\">&nbsp;</p>\r\n\r\n<p style=\"text-align:center\"><span style=\"font-size:18px\"><span style=\"color:#3498db\">GALLA Cafe&rsquo; ตั้งอยู่ใต้โรงแรม The Galla Hotel ตกแต่งด้วยโทนสี ขาว-ฟ้า ดูสว่างเป็นร้านเล็กๆ เงียบๆ</span></span></p>\r\n\r\n<p style=\"text-align:center\">&nbsp;</p>\r\n\r\n<p style=\"text-align:center\"><img alt=\"\" src=\"https://scontent.fbkk2-7.fna.fbcdn.net/v/t31.0-8/25351943_2010920192454922_3822330654049220126_o.jpg?_nc_cat=110&amp;_nc_ht=scontent.fbkk2-7.fna&amp;oh=d916352c7619fe2c6fb636a46f6bdea7&amp;oe=5CA96A86\" style=\"max-width:960px; width:720px\" /></p>\r\n\r\n<p style=\"text-align:center\">&nbsp;</p>\r\n\r\n<p style=\"text-align:center\"><span style=\"font-size:18px\"><span style=\"color:#3498db\">Ice Cafe&rsquo; ตั้งอยู่หน้าโรงพักจังหวัดระนองเลย ร้านนี้มีทีเด็ดอยู่ที่ ไอศครีม ครับเพราะที่นี่เป็น homehand ทำเอง รสชาติอร่อยเลยครับ ไอศครีมมีให้เลือก หลายรสเลยครับ</span></span></p>', 'img/reviews/20181124-031815-ranong.jpg', 77, '2018-11-23 20:18:15', '2018-11-24 16:20:58', '2018-11-22 17:00:00', '2018-11-23 21:39:53', 16, 49),
(20, 'สวรรค์ที่เท้าก้าวถึง ดอยหลวงเชียงดาว', '<p style=\"text-align:center\"><span style=\"font-size:18px\"><span style=\"color:#3498db\"><img alt=\"\" src=\"https://scontent.fbkk2-7.fna.fbcdn.net/v/t31.0-8/27355560_2032819293598345_534289499936030152_o.jpg?_nc_cat=111&amp;_nc_ht=scontent.fbkk2-7.fna&amp;oh=c3b0dd557ebf8f8e74e25c9ddbe7ae13&amp;oe=5CA8DF94\" style=\"max-width:960px; width:720px\" /></span></span></p>\r\n\r\n<p style=\"text-align:center\">&nbsp;</p>\r\n\r\n<p style=\"text-align:center\"><span style=\"font-size:18px\"><span style=\"color:#3498db\"><img alt=\"\" src=\"https://scontent.fbkk2-7.fna.fbcdn.net/v/t31.0-8/27173382_2032818960265045_6602595207494707984_o.jpg?_nc_cat=101&amp;_nc_ht=scontent.fbkk2-7.fna&amp;oh=71ed60c17d939f0713c2eff4f324363f&amp;oe=5C71144E\" style=\"max-width:960px; width:720px\" /></span></span></p>\r\n\r\n<p style=\"text-align:center\">&nbsp;</p>\r\n\r\n<p style=\"text-align:center\"><span style=\"font-size:18px\"><span style=\"color:#3498db\"><img alt=\"\" src=\"https://scontent.fbkk2-7.fna.fbcdn.net/v/t31.0-8/27500322_2032819420264999_5413179593267109422_o.jpg?_nc_cat=108&amp;_nc_ht=scontent.fbkk2-7.fna&amp;oh=126e9866d106b641939e03dc9e8f85bb&amp;oe=5CAF1B17\" style=\"max-width:960px; width:720px\" /></span></span></p>\r\n\r\n<p style=\"text-align:center\">&nbsp;</p>\r\n\r\n<p style=\"text-align:center\"><span style=\"font-size:18px\"><span style=\"color:#3498db\">และก่อนการเดินครั้งนี้ของเราจะเริ่มขึ้นเราขอเก็บแรงกันก่อนกันที่บ้าน Ashi Guesthouse ChiangDao เป็นบ้านพักที่เพียบพร้อมทั้งที่พักและอาหารการกิน ไม่เพียงเท่านี้เจ้าของบ้านยังรับพาทัวร์เดินขึ้นดอยหลวงเชียงดาวด้วย มา 1 ได้ถึง 2 ต้องอาชิ ที่พักจะมีให้เลือก 2 แบบคือนอนในห้องสบายๆ กับนอนตากลมหนาวมองดาวที่ลานกางเต้นท์</span></span></p>\r\n\r\n<p style=\"text-align:center\">&nbsp;</p>\r\n\r\n<p style=\"text-align:center\"><span style=\"font-size:18px\"><span style=\"color:#3498db\"><img alt=\"\" src=\"https://scontent.fbkk2-7.fna.fbcdn.net/v/t1.0-9/27540741_2032819300265011_5392876868810800812_n.jpg?_nc_cat=111&amp;_nc_ht=scontent.fbkk2-7.fna&amp;oh=50cb8d41e0075f37ae38fd8ae6f9448f&amp;oe=5C73C28E\" style=\"max-width:960px; width:720px\" /></span></span></p>\r\n\r\n<p style=\"text-align:center\">&nbsp;</p>\r\n\r\n<p style=\"text-align:center\"><span style=\"font-size:18px\"><span style=\"color:#3498db\">ห้องนอนแสนสบาย</span></span></p>\r\n\r\n<p style=\"text-align:center\">&nbsp;</p>\r\n\r\n<p style=\"text-align:center\"><span style=\"font-size:18px\"><span style=\"color:#3498db\"><img alt=\"\" src=\"https://scontent.fbkk2-7.fna.fbcdn.net/v/t1.0-9/27332416_2032819170265024_123398199258105597_n.jpg?_nc_cat=111&amp;_nc_ht=scontent.fbkk2-7.fna&amp;oh=8473d9a53cc6e10a16b74c9cd9d098ef&amp;oe=5C72D727\" style=\"max-width:960px; width:720px\" /></span></span></p>\r\n\r\n<p style=\"text-align:center\">&nbsp;</p>\r\n\r\n<p style=\"text-align:center\"><span style=\"font-size:18px\"><span style=\"color:#3498db\">นอนเต้นท์รับลมหนาว</span></span></p>\r\n\r\n<p style=\"text-align:center\">&nbsp;</p>\r\n\r\n<p style=\"text-align:center\"><span style=\"font-size:18px\"><span style=\"color:#3498db\"><img alt=\"\" src=\"https://scontent.fbkk2-7.fna.fbcdn.net/v/t31.0-8/27368880_2032819186931689_5586757435282759001_o.jpg?_nc_cat=111&amp;_nc_ht=scontent.fbkk2-7.fna&amp;oh=353512e2c0803242b540cb4a42342451&amp;oe=5C639E49\" style=\"max-width:960px; width:720px\" /></span></span></p>\r\n\r\n<p style=\"text-align:center\">&nbsp;</p>\r\n\r\n<p style=\"text-align:center\"><span style=\"font-size:18px\"><span style=\"color:#3498db\">มีบริการนวดหลังหลังจากดอยหลวงเชียงดาวกันด้วย แต่ใครที่สนใจกรุณาจองล่วงหน้านะจ๊ะ ค่าบริการคิดเป็นชั่วโมง แต่พวกเรายังดีที่ใช้ UNIREN SPRAY เลยไม่ต้องถึงมือหมอนวด</span></span></p>\r\n\r\n<p style=\"text-align:center\">&nbsp;</p>\r\n\r\n<p style=\"text-align:center\"><span style=\"font-size:18px\"><span style=\"color:#3498db\"><img alt=\"\" src=\"https://scontent.fbkk2-7.fna.fbcdn.net/v/t31.0-8/27500566_2032819526931655_7648276664492077568_o.jpg?_nc_cat=108&amp;_nc_ht=scontent.fbkk2-7.fna&amp;oh=a8408efa3f62c743945cc2290da8fd1d&amp;oe=5C7E62BA\" style=\"max-width:960px; width:720px\" /></span></span></p>\r\n\r\n<p style=\"text-align:center\">&nbsp;</p>\r\n\r\n<p style=\"text-align:center\"><span style=\"font-size:18px\"><span style=\"color:#3498db\">เมื่อเตรียมของกันเรียบร้อยทางเจ้าของบ้านอาชิจะมีรถมาส่งเราถึงจุดเดินขึ้นดอยหลวงกันเลย ดูจากภาพแล้วพวกเราพร้อมมาก</span></span></p>\r\n\r\n<p style=\"text-align:center\">&nbsp;</p>\r\n\r\n<p style=\"text-align:center\"><span style=\"font-size:18px\"><span style=\"color:#3498db\"><img alt=\"\" src=\"https://scontent.fbkk2-7.fna.fbcdn.net/v/t31.0-8/27628822_2032819700264971_3565246906305043039_o.jpg?_nc_cat=101&amp;_nc_ht=scontent.fbkk2-7.fna&amp;oh=668a5eea62a4404d3c1c683c455b1a5f&amp;oe=5C6C3C57\" style=\"max-width:960px; width:720px\" /></span></span></p>\r\n\r\n<p style=\"text-align:center\">&nbsp;</p>\r\n\r\n<p style=\"text-align:center\"><span style=\"font-size:18px\"><span style=\"color:#3498db\">ถึงเวลาแล้วไปๆ เริ่มออกเดินทางกัน</span></span></p>\r\n\r\n<p style=\"text-align:center\">&nbsp;</p>\r\n\r\n<p style=\"text-align:center\"><span style=\"font-size:18px\"><span style=\"color:#3498db\"><img alt=\"\" src=\"https://scontent.fbkk2-8.fna.fbcdn.net/v/t31.0-8/27628810_2032819226931685_4934821046276480960_o.jpg?_nc_cat=107&amp;_nc_ht=scontent.fbkk2-8.fna&amp;oh=50271f86e703a96f712abd476b82211b&amp;oe=5C6C9155\" style=\"max-width:960px; width:720px\" /></span></span></p>\r\n\r\n<p style=\"text-align:center\">&nbsp;</p>\r\n\r\n<p style=\"text-align:center\"><span style=\"font-size:18px\"><span style=\"color:#3498db\">กองทัพต้องเดินด้วยท้องก่อนออกเดินทางสู่ยอดดอยหลวงด้านหลังเรา สาวๆ ขอพักกินขนมสักหน่อย</span></span></p>\r\n\r\n<p style=\"text-align:center\">&nbsp;</p>\r\n\r\n<p style=\"text-align:center\"><span style=\"font-size:18px\"><span style=\"color:#3498db\"><img alt=\"\" src=\"https://scontent.fbkk2-7.fna.fbcdn.net/v/t31.0-8/27368757_2032819096931698_3648000548207653515_o.jpg?_nc_cat=108&amp;_nc_ht=scontent.fbkk2-7.fna&amp;oh=f2fbbc72e5e3b2e9b7ebcd727bf675a1&amp;oe=5C7DA17A\" style=\"max-width:960px; width:720px\" /></span></span></p>\r\n\r\n<p style=\"text-align:center\">&nbsp;</p>\r\n\r\n<p style=\"text-align:center\"><span style=\"font-size:18px\"><span style=\"color:#3498db\">และแล้วก็มาถึงจุดสูงสุดยอดดอยหลวงเชียงดาว เย้!!</span></span></p>\r\n\r\n<p style=\"text-align:center\">&nbsp;</p>\r\n\r\n<p style=\"text-align:center\"><span style=\"font-size:18px\"><span style=\"color:#3498db\"><img alt=\"\" src=\"https://scontent.fbkk2-7.fna.fbcdn.net/v/t31.0-8/27368844_2032818946931713_3729571045058252518_o.jpg?_nc_cat=110&amp;_nc_ht=scontent.fbkk2-7.fna&amp;oh=087938e49e6024500b017d963482948e&amp;oe=5C653075\" style=\"max-width:960px; width:720px\" /></span></span></p>\r\n\r\n<p style=\"text-align:center\">&nbsp;</p>\r\n\r\n<p style=\"text-align:center\"><span style=\"font-size:18px\"><span style=\"color:#3498db\">และอีกจุดชมวิวที่ไม่ควรพลาดเมื่อว่าแล้วนั้นคือ กิ่วลม ที่เป็นจุดชมพระอาทิตย์ขึ้นที่สุดสวยและสายหมอกที่แสนงดงาม ภาพพร้อมมากจ้า ไปดูกัน</span></span></p>\r\n\r\n<p style=\"text-align:center\">&nbsp;</p>\r\n\r\n<p style=\"text-align:center\"><span style=\"font-size:18px\"><span style=\"color:#3498db\"><img alt=\"\" src=\"https://scontent.fbkk2-8.fna.fbcdn.net/v/t31.0-8/27355934_2032819273598347_5410655527414921776_o.jpg?_nc_cat=109&amp;_nc_ht=scontent.fbkk2-8.fna&amp;oh=08474a5beeebc74c97644e4d4dbd99c9&amp;oe=5C6E3E91\" style=\"max-width:960px; width:720px\" /></span></span></p>\r\n\r\n<p style=\"text-align:center\">&nbsp;</p>\r\n\r\n<p style=\"text-align:center\"><span style=\"font-size:18px\"><span style=\"color:#3498db\">เพราะความสุขมันผ่านไปเร็ว แต่ไม่เคยลบไปจากความทรงจำขอบคุณเพื่อนๆ ที่พามาลำบากแต่มากด้วยความสนุกสนาน พิสูจน์เพื่อนแท้และคนรักจริงๆ ทริปๆ นี้ ไว้เจอกันใหม่นะ ดอยหลวงเชียงดาว</span></span></p>', 'img/reviews/20181124-033528-chiangdao.jpg', 41, '2018-11-23 20:35:28', '2018-11-24 14:16:04', '2018-11-23 14:32:18', '2018-11-24 14:16:04', 1, 14),
(21, 'แสมสาร with SEIKO', '<p style=\"text-align:center\"><span style=\"font-size:18px\"><span style=\"color:#3498db\"><img alt=\"\" src=\"https://scontent.fbkk2-8.fna.fbcdn.net/v/t1.0-9/45542420_2203092239904382_8125114595363782656_o.jpg?_nc_cat=104&amp;_nc_ht=scontent.fbkk2-8.fna&amp;oh=90e18d8bed6ecb96b1eac211b64ba3cd&amp;oe=5C6E37C1\" style=\"max-width:960px; width:720px\" /></span></span></p>\r\n\r\n<p style=\"text-align:center\">&nbsp;</p>\r\n\r\n<p style=\"text-align:center\"><span style=\"font-size:18px\"><span style=\"color:#3498db\">หาดนางรอง แสมสาร จ.ชลบุรี</span></span></p>\r\n\r\n<p style=\"text-align:center\">&nbsp;</p>\r\n\r\n<p style=\"text-align:center\"><span style=\"font-size:18px\"><span style=\"color:#3498db\"><img alt=\"\" src=\"https://scontent.fbkk2-8.fna.fbcdn.net/v/t1.0-9/45491545_2203092966570976_6055362403653124096_o.jpg?_nc_cat=100&amp;_nc_ht=scontent.fbkk2-8.fna&amp;oh=4dc147f1506e039002aefdc0c9b83e34&amp;oe=5C7E27A7\" style=\"max-width:960px; width:720px\" /></span></span></p>\r\n\r\n<p style=\"text-align:center\">&nbsp;</p>\r\n\r\n<p style=\"text-align:center\"><span style=\"font-size:18px\"><span style=\"color:#3498db\">ใครจะคิดว่าทะเลน้ำใสๆแบบนี้ มีอยู่ที่ จ.ชลบุรี</span></span></p>\r\n\r\n<p style=\"text-align:center\">&nbsp;</p>\r\n\r\n<p style=\"text-align:center\"><span style=\"font-size:18px\"><span style=\"color:#3498db\"><img alt=\"\" src=\"https://scontent.fbkk2-8.fna.fbcdn.net/v/t1.0-9/45523862_2203098459903760_4760240385916141568_o.jpg?_nc_cat=107&amp;_nc_ht=scontent.fbkk2-8.fna&amp;oh=54ae5dc11774c279693662d0cc729b57&amp;oe=5CAFBE0E\" style=\"max-width:960px; width:720px\" /></span></span></p>\r\n\r\n<p style=\"text-align:center\">&nbsp;</p>\r\n\r\n<p style=\"text-align:center\"><span style=\"font-size:18px\"><span style=\"color:#3498db\">เรือรบหลวงจักรีนฤเบศร จอดเทียบท่าเรือจุกเสม็ด ฐานทัพเรือสัตหีบ อยู่ห่างจากหาดนางรำ-นางรอง เพียงแค่ 700 เมตร เป็นเรือบรรทุกเครื่องบินและเฮลิคอปเตอร์ ของราชนาวีไทย และเป็นเรือรบที่ใหญ่ที่สุดที่มีมาในกองทัพไทย ที่นี่เปิดให้เยี่ยมชมโดยไม่เสียค่าใช่จ่าย ตั้งแต่เวลา 09.00 น. &ndash; 17.00 น.</span></span></p>\r\n\r\n<p style=\"text-align:center\">&nbsp;</p>\r\n\r\n<p style=\"text-align:center\"><span style=\"font-size:18px\"><span style=\"color:#3498db\"><img alt=\"\" src=\"https://scontent.fbkk2-8.fna.fbcdn.net/v/t1.0-9/45527286_2203101463236793_6893917887312953344_o.jpg?_nc_cat=103&amp;_nc_ht=scontent.fbkk2-8.fna&amp;oh=1066f016550fd94918475fccc7f84fa8&amp;oe=5CAD7FE7\" style=\"max-width:960px; width:720px\" /></span></span></p>\r\n\r\n<p style=\"text-align:center\">&nbsp;</p>\r\n\r\n<p style=\"text-align:center\"><span style=\"font-size:18px\"><span style=\"color:#3498db\">ครั้งนี้เราได้แรงบันดาลใจมาจาก แคมเปญ #DiscoverYourPlanet ที่เค้าบอกอยากให้เราออกไปหาประสบการณ์ใหม่ๆ เพราะทุกครั้งที่ออกไป เราจะได้พบเจอกับสิ่งใหม่เสมอ กับเพื่อนใหม่ของเรา SEIKO Prospex X DIVER&#39;s 200 เมตร เราจะพาดำดิ่งลงไปสู่ท้องทะเลอันสวยงาม ใกล้ๆกรุงเทพที่ แสมสาร จ.ชลบุรี ใครจะคิดว่า ใกล้ๆฝั่งแค่ 10 นาที จะมีความสวยงามซ่อนตัวอยู่ แถมใกล้ๆกันก็มีสถานที่ท่องเที่ยว สวยงามมากมาย รอให้ค้นหา.. อยากรู้ว่าจะสวยงามขนาดไหน ตามเรามาเลย.. #SEIKOThailand #Seikoprospex #DiscoverYourPlanet #ค้นพบโลกมุมใหม่ที่คุณไม่เคยเห็น</span></span></p>\r\n\r\n<p style=\"text-align:center\">&nbsp;</p>\r\n\r\n<p style=\"text-align:center\"><span style=\"font-size:18px\"><span style=\"color:#3498db\"><img alt=\"\" src=\"https://scontent.fbkk2-7.fna.fbcdn.net/v/t1.0-9/45641907_2203104829903123_1930900675034611712_o.jpg?_nc_cat=106&amp;_nc_ht=scontent.fbkk2-7.fna&amp;oh=a442d1535d72534d2d9d809d3785c829&amp;oe=5C70582D\" style=\"max-width:960px; width:720px\" /></span></span></p>\r\n\r\n<p style=\"text-align:center\">&nbsp;</p>\r\n\r\n<p style=\"text-align:center\"><span style=\"font-size:18px\"><span style=\"color:#3498db\">ออกเดินทางจาก กทม. ใช้เวลาประมาณ 2 ชั่วโมงก็มาถึงจุดหมายแรกของเรา หาดนางรำ-หาดนางรอง</span></span></p>\r\n\r\n<p style=\"text-align:center\">&nbsp;</p>\r\n\r\n<p style=\"text-align:center\"><span style=\"font-size:18px\"><span style=\"color:#3498db\"><img alt=\"\" src=\"https://scontent.fbkk2-7.fna.fbcdn.net/v/t1.0-9/45593476_2203105156569757_6442247259470954496_o.jpg?_nc_cat=110&amp;_nc_ht=scontent.fbkk2-7.fna&amp;oh=9eec584b6414146da34ef6a43219423c&amp;oe=5C72AA36\" style=\"max-width:960px; width:720px\" /></span></span></p>\r\n\r\n<p style=\"text-align:center\">&nbsp;</p>\r\n\r\n<p style=\"text-align:center\"><span style=\"font-size:18px\"><span style=\"color:#3498db\">เรือรบหลวงจักรีนฤเบศร จอดเทียบท่าเรือจุกเสม็ด ฐานทัพเรือสัตหีบ อยู่ห่างจากหาดนางรำ-นางรอง เพียงแค่ 700 เมตร เป็นเรือบรรทุกเครื่องบินและเฮลิคอปเตอร์ ของราชนาวีไทย และเป็นเรือรบที่ใหญ่ที่สุดที่มีมาในกองทัพไทย ที่นี่เปิดให้เยี่ยมชมโดยไม่เสียค่าใช่จ่าย ตั้งแต่เวลา 09.00 น. &ndash; 17.00 น.</span></span></p>\r\n\r\n<p style=\"text-align:center\">&nbsp;</p>\r\n\r\n<p style=\"text-align:center\"><span style=\"font-size:18px\"><span style=\"color:#3498db\"><img alt=\"\" src=\"https://scontent.fbkk2-7.fna.fbcdn.net/v/t1.0-9/45502961_2203105933236346_9031283395522461696_o.jpg?_nc_cat=111&amp;_nc_ht=scontent.fbkk2-7.fna&amp;oh=351c43e83f8b687e2a1df2efa40faa7d&amp;oe=5CAF08CE\" style=\"max-width:960px; width:720px\" /></span></span></p>\r\n\r\n<p style=\"text-align:center\">&nbsp;</p>\r\n\r\n<p style=\"text-align:center\"><span style=\"font-size:18px\"><span style=\"color:#3498db\">ทริปนี้ เราไปดำน้ำกับ Dong Snorkeling ทริปดำน้ำแสมสาร สัตหีบ ครับ คนละ 600 บาทเท่านั้น ดูแลดีมาก เรื่องความปลอดภัยนี่ยกให้เขาเลยครับ พี่โด่งแกเป็น ครูฝึกหน่วยซีล เพราะฉะนั้นมากับแก ไม่ต้องกลัวจมน้ำเลย ^_^</span></span></p>\r\n\r\n<p style=\"text-align:center\">&nbsp;</p>\r\n\r\n<p style=\"text-align:center\"><span style=\"font-size:18px\"><span style=\"color:#3498db\"><img alt=\"\" src=\"https://scontent.fbkk2-8.fna.fbcdn.net/v/t1.0-9/45660919_2203108916569381_1001873685264465920_o.jpg?_nc_cat=104&amp;_nc_ht=scontent.fbkk2-8.fna&amp;oh=e39e87d09b66a80ac89d75fb1351a26c&amp;oe=5C6739CC\" style=\"max-width:960px; width:720px\" /></span></span></p>\r\n\r\n<p style=\"text-align:center\">&nbsp;</p>\r\n\r\n<p style=\"text-align:center\"><span style=\"font-size:18px\"><span style=\"color:#3498db\">ชายหาด เงียบสงบ ทรายขาวมาก</span></span></p>\r\n\r\n<p style=\"text-align:center\">&nbsp;</p>\r\n\r\n<p style=\"text-align:center\"><span style=\"font-size:18px\"><span style=\"color:#3498db\"><img alt=\"\" src=\"https://scontent.fbkk2-8.fna.fbcdn.net/v/t1.0-9/45542420_2203092239904382_8125114595363782656_o.jpg?_nc_cat=104&amp;_nc_ht=scontent.fbkk2-8.fna&amp;oh=90e18d8bed6ecb96b1eac211b64ba3cd&amp;oe=5C6E37C1\" style=\"max-width:960px; width:720px\" /></span></span></p>\r\n\r\n<p style=\"text-align:center\">&nbsp;</p>\r\n\r\n<p style=\"text-align:center\"><span style=\"font-size:18px\"><span style=\"color:#3498db\">หาดนางรอง แสมสาร จ.ชลบุรี</span></span></p>\r\n\r\n<p style=\"text-align:center\">&nbsp;</p>\r\n\r\n<p style=\"text-align:center\"><span style=\"font-size:18px\"><span style=\"color:#3498db\"><img alt=\"\" src=\"https://scontent.fbkk2-8.fna.fbcdn.net/v/t1.0-9/45505002_2203111603235779_715695362882404352_o.jpg?_nc_cat=109&amp;_nc_ht=scontent.fbkk2-8.fna&amp;oh=08c96cf0bcbe81983eb08787a0df148b&amp;oe=5C782650\" style=\"max-width:960px; width:720px\" /></span></span></p>\r\n\r\n<p style=\"text-align:center\">&nbsp;</p>\r\n\r\n<p style=\"text-align:center\"><span style=\"font-size:18px\"><span style=\"color:#3498db\">เตรียมความพร้อม เตรียมลงไปดูความสวยงามใต้ทะเลกันครับ ทริปนี้เราใส่ SEIKO Prospex มา ตัวนี้สามารถ ดำน้ำได้ลึกถึง 200 เมตรเลย สามารถใส่ลุยไปกับเราได้ทุกที่ เพราะฉะนั้น ไม่ต้องกังวล เราดำกันแค่ 5-10 เมตร เท่านั้นครับ</span></span></p>\r\n\r\n<p style=\"text-align:center\">&nbsp;</p>\r\n\r\n<p style=\"text-align:center\"><span style=\"font-size:18px\"><span style=\"color:#3498db\"><img alt=\"\" src=\"https://scontent.fbkk2-7.fna.fbcdn.net/v/t1.0-9/45493687_2203111866569086_8484248293092622336_o.jpg?_nc_cat=101&amp;_nc_ht=scontent.fbkk2-7.fna&amp;oh=76b8ce3982d6b5325ba09609b13224b5&amp;oe=5C66F749\" style=\"max-width:960px; width:720px\" /></span></span></p>\r\n\r\n<p style=\"text-align:center\">&nbsp;</p>\r\n\r\n<p style=\"text-align:center\"><span style=\"font-size:18px\"><span style=\"color:#3498db\">เฮ้ยยยยย ใครจะคิดว่านี่คือใต้น้ำที่แสมสาร จ.ชลบุรี ใกล้ๆกรุงเทพแค่ 2 ชั่วโมงเท่านั้น</span></span></p>\r\n\r\n<p style=\"text-align:center\">&nbsp;</p>\r\n\r\n<p style=\"text-align:center\"><span style=\"font-size:18px\"><span style=\"color:#3498db\"><img alt=\"\" src=\"https://scontent.fbkk2-8.fna.fbcdn.net/v/t1.0-9/45593395_2203113663235573_6830121362221170688_o.jpg?_nc_cat=107&amp;_nc_ht=scontent.fbkk2-8.fna&amp;oh=0a8d7608be09a966aa6b5569cba6d60c&amp;oe=5C6425A6\" style=\"max-width:960px; width:720px\" /></span></span></p>\r\n\r\n<p style=\"text-align:center\">&nbsp;</p>\r\n\r\n<p style=\"text-align:center\"><span style=\"font-size:18px\"><span style=\"color:#3498db\">กัลปังหาสีชมพู หาดูได้ยาก ที่นี่ก็มีด้วยครับ ดำลงไม่แค่ 4 เมตรเท่านั้น</span></span></p>\r\n\r\n<p style=\"text-align:center\">&nbsp;</p>\r\n\r\n<p style=\"text-align:center\"><span style=\"font-size:18px\"><span style=\"color:#3498db\"><img alt=\"\" src=\"https://scontent.fbkk2-8.fna.fbcdn.net/v/t1.0-9/45567695_2203113679902238_251412374597140480_o.jpg?_nc_cat=100&amp;_nc_ht=scontent.fbkk2-8.fna&amp;oh=576fb0b135ae78081f7398c706d8fcd4&amp;oe=5C645404\" style=\"max-width:960px; width:720px\" /></span></span></p>\r\n\r\n<p style=\"text-align:center\">&nbsp;</p>\r\n\r\n<p style=\"text-align:center\"><span style=\"font-size:18px\"><span style=\"color:#3498db\">น้ำที่นี่ใสมากกกก แบบลงไปนี่มองเห็นทุกอย่างชัดมาก&nbsp;<br />\r\nดำน้ำเพลินๆแบบนี้ เราไม่ต้องกลัวเรื่องเวลา เพราะเราใส่เจ้า SEIKO Prospex ลงมาด้วย ทำให้ควบคุมเรื่องเวลา การดำน้ำของเราได้เป็นอย่างดี</span></span></p>', 'img/reviews/20181124-034759-samaesan.jpg', 89, '2018-11-23 20:47:59', '2018-11-24 16:28:57', '2018-11-23 17:00:00', '2018-11-24 16:22:03', 1, 9);
INSERT INTO `reviews` (`id`, `title`, `body`, `cover_image`, `view`, `created_at`, `updated_at`, `published_at`, `newcomment_at`, `user_id`, `province_id`) VALUES
(22, 'อิโรฮะ ยากินิกุ ถ้าได้ลองต้องว้าววว', '<p style=\"text-align:center\"><span style=\"font-size:18px\"><span style=\"color:#3498db\"><img alt=\"\" src=\"https://scontent.fbkk2-7.fna.fbcdn.net/v/t1.0-9/42734896_2182821885264751_1043079111876018176_o.jpg?_nc_cat=106&amp;_nc_ht=scontent.fbkk2-7.fna&amp;oh=b003813c38d6e58d33a73cfa4965e0fa&amp;oe=5C730804\" style=\"max-width:960px; width:720px\" /></span></span></p>\r\n\r\n<p style=\"text-align:center\">&nbsp;</p>\r\n\r\n<p style=\"text-align:center\"><span style=\"font-size:18px\"><span style=\"color:#3498db\">ไม่บ่อยนักที่กลับมานั่งเขียนรีวิวร้านอาหาร<br />\r\nแล้วเขียนไปกลืนน้ำลายไปด้วย<br />\r\nแต่ครั้งนี้ทำให้แอดมินต้องนั่งทำรีวิวอย่างทรมาน<br />\r\nด้วยความหิวโหยเพราะที่นี่ IROHA YAKINIKU&nbsp;<br />\r\nร้านปื้งย่างสไตล์ญี่ปุ่น&nbsp;🇯🇵️🎏<br />\r\nทำแอดมินหิวไปเขียนรีวิวไปทำรูปไปน้ำลายไหล<br />\r\nก็เพราะเนื้อพรีเมี่ยมของร้านนี้<br />\r\nที่ละลายในปากนุ่มลื่นกลืนง่ายทำเอาลืมไม่ลงจริงๆ<br />\r\n🐄🐄🐄</span></span></p>\r\n\r\n<p style=\"text-align:center\"><span style=\"font-size:18px\"><span style=\"color:#3498db\">เนื้อวัวที่นี่เค้าส่งตรงจากญี่ปุ่นเท่านั้นคุณภาพ A++&nbsp;<br />\r\nสายเนื้อรับรองไม่ผิดหวังเรากล้าการันตี<br />\r\nเนื้อลายสวยๆแทรกด้วยมันเวลาย่างชุ่มฉ่ำสุดๆ<br />\r\nส่วนใครไม่ใช่สายเนื้ออย่าเสียใจเพราะที่นี่<br />\r\nมีทั้งหมู ซีฟู้ดพร้อมทั้งเมนูอื่นๆอีกเพียบ<br />\r\nราดมาด้วยน้ำหมักสูตรเฉพาะของทางร้าน<br />\r\nทำให้ทุกอย่างมีรสชาติอร่อยมากขึ้น<br />\r\nมาเสิร์ฟพร้อมน้ำจิ้มสไตล์ญี่ปุ่นที่ช่างเข้ากันสุดๆ<br />\r\nกับเนื้อย่างร้อนๆ เขียนไปก็หิวไป<br />\r\nสงสัยต้องไปซ้ำแน่ๆ<br />\r\n<br />\r\nถ้าอยากลิ้มลองความอร่อยพรีเมี่ยมแบบนี้<br />\r\nไปได้เลยที่ร้าน&nbsp;</span><a href=\"https://www.facebook.com/IrohaYakiniku/?__tn__=K-R&amp;eid=ARB1PpZh-E00oUq_OEHeo76nEyIBeHhghfwNQpzRnZfmNRn8uyGbJqvGrdszrgMMtzvwvZXv4S5waItW&amp;fref=mentions&amp;__xts__%5B0%5D=68.ARDcCWqX_MdgfXvlbw9nAvzf-6v592dFomB3ue61T4-1UWuxPJu4s1RFrm8X4u09Mn6AKatn4vvC995dmnV2xh_NUuWHkYh6oQ9evr9NbTdK_mOkTCnGDk402MbgAOGbT9egny1_lE6kAEiiwS7nt42VYWWpmre3_49Uicc4cXxZtf6AgQGSBKX1umjd1SRQN4eNyCh7hqDhoevZhQwpAURM9yaxgyr2jacxemTL7IcJnzcxE9UkGQVRLufwGsSckt3lnx39ce9MoDzFQlMvrl58U1bl1Ap5y7e9JwNBTCi-Sqc_mfBsscWDSCi55Y8CDsrXCNZPil04UCQj6tuX980FICae\"><span style=\"color:#3498db\">Iroha Japanese BBQ Bangkok</span></a><br />\r\n<span style=\"color:#3498db\">📍พิกัด : ซอยทองหล่อ 11&nbsp;<br />\r\n🕓เปิดเวลา : 17.00 &ndash; 22.30 น.<br />\r\n☎️เบอร์โทร : 02 712 9448</span></span></p>\r\n\r\n<p style=\"text-align:center\">&nbsp;</p>\r\n\r\n<p style=\"text-align:center\"><span style=\"font-size:18px\"><span style=\"color:#3498db\"><img alt=\"\" src=\"https://scontent.fbkk2-8.fna.fbcdn.net/v/t1.0-9/42734638_2182823061931300_814333349874106368_o.jpg?_nc_cat=107&amp;_nc_ht=scontent.fbkk2-8.fna&amp;oh=4605a5a994a807e0feb2d4ce9fb36f00&amp;oe=5CA9C049\" style=\"max-width:960px; width:720px\" /></span></span></p>\r\n\r\n<p style=\"text-align:center\">&nbsp;</p>\r\n\r\n<p style=\"text-align:center\"><span style=\"font-size:18px\"><span style=\"color:#3498db\"><img alt=\"\" src=\"https://scontent.fbkk2-8.fna.fbcdn.net/v/t1.0-9/42787220_2182822191931387_2568729711064645632_o.jpg?_nc_cat=107&amp;_nc_ht=scontent.fbkk2-8.fna&amp;oh=e16fd31c16e6a177a8a8c8c31e13b549&amp;oe=5C644FEC\" style=\"max-width:960px; width:720px\" /></span></span></p>\r\n\r\n<p style=\"text-align:center\">&nbsp;</p>\r\n\r\n<p style=\"text-align:center\"><span style=\"font-size:18px\"><span style=\"color:#3498db\"><img alt=\"\" src=\"https://scontent.fbkk2-8.fna.fbcdn.net/v/t1.0-9/42692984_2182822568598016_6732711804595601408_o.jpg?_nc_cat=104&amp;_nc_ht=scontent.fbkk2-8.fna&amp;oh=a4996bc6a6ed5831016540f86ff8212a&amp;oe=5C6A9EDE\" style=\"max-width:960px; width:720px\" /></span></span></p>\r\n\r\n<p style=\"text-align:center\">&nbsp;</p>\r\n\r\n<p style=\"text-align:center\"><span style=\"font-size:18px\"><span style=\"color:#3498db\"><img alt=\"\" src=\"https://scontent.fbkk2-7.fna.fbcdn.net/v/t1.0-9/42850439_2182822241931382_1006802838841458688_o.jpg?_nc_cat=110&amp;_nc_ht=scontent.fbkk2-7.fna&amp;oh=ec0394e001be9080b3798138035bf47f&amp;oe=5CB0E7C8\" style=\"max-width:960px; width:720px\" /></span></span></p>\r\n\r\n<p style=\"text-align:center\">&nbsp;</p>\r\n\r\n<p style=\"text-align:center\"><span style=\"font-size:18px\"><span style=\"color:#3498db\"><img alt=\"\" src=\"https://scontent.fbkk2-7.fna.fbcdn.net/v/t1.0-9/42719759_2182823181931288_4647225996628459520_o.jpg?_nc_cat=108&amp;_nc_ht=scontent.fbkk2-7.fna&amp;oh=39ff506cb8cc7056c84c54599d8d122e&amp;oe=5CAD36D2\" style=\"max-width:960px; width:720px\" /></span></span></p>\r\n\r\n<p style=\"text-align:center\">&nbsp;</p>\r\n\r\n<p style=\"text-align:center\"><span style=\"font-size:18px\"><span style=\"color:#3498db\"><img alt=\"\" src=\"https://scontent.fbkk2-8.fna.fbcdn.net/v/t1.0-9/42702002_2182823258597947_7636272116496596992_o.jpg?_nc_cat=100&amp;_nc_ht=scontent.fbkk2-8.fna&amp;oh=dc8edb00176f212c6b92e3ac44c3f583&amp;oe=5C6AB194\" style=\"max-width:960px; width:720px\" /></span></span></p>\r\n\r\n<p style=\"text-align:center\">&nbsp;</p>\r\n\r\n<p style=\"text-align:center\"><span style=\"font-size:18px\"><span style=\"color:#3498db\"><img alt=\"\" src=\"https://scontent.fbkk2-8.fna.fbcdn.net/v/t1.0-9/42823293_2182823381931268_4190880803690905600_o.jpg?_nc_cat=109&amp;_nc_ht=scontent.fbkk2-8.fna&amp;oh=7ed4297204a41f173556dde9e02c84d9&amp;oe=5C7523F2\" style=\"max-width:960px; width:720px\" /></span></span></p>\r\n\r\n<p style=\"text-align:center\">&nbsp;</p>\r\n\r\n<p style=\"text-align:center\"><span style=\"font-size:18px\"><span style=\"color:#3498db\"><img alt=\"\" src=\"https://scontent.fbkk2-8.fna.fbcdn.net/v/t1.0-9/42730804_2182823511931255_3782278437150916608_o.jpg?_nc_cat=107&amp;_nc_ht=scontent.fbkk2-8.fna&amp;oh=54139ab730cdfbca33cc6a247db5ddd4&amp;oe=5C691419\" style=\"max-width:960px; width:720px\" /></span></span></p>\r\n\r\n<p style=\"text-align:center\">&nbsp;</p>\r\n\r\n<p style=\"text-align:center\"><span style=\"font-size:18px\"><span style=\"color:#3498db\"><img alt=\"\" src=\"https://scontent.fbkk2-7.fna.fbcdn.net/v/t1.0-9/42785654_2182823555264584_9063655161032867840_o.jpg?_nc_cat=101&amp;_nc_ht=scontent.fbkk2-7.fna&amp;oh=051469c5191f25363d315ebd93271684&amp;oe=5CB10593\" style=\"max-width:960px; width:720px\" /></span></span></p>\r\n\r\n<p style=\"text-align:center\">&nbsp;</p>\r\n\r\n<p style=\"text-align:center\"><span style=\"font-size:18px\"><span style=\"color:#3498db\"><img alt=\"\" src=\"https://scontent.fbkk2-7.fna.fbcdn.net/v/t1.0-9/42773880_2182823838597889_4990445384531705856_o.jpg?_nc_cat=106&amp;_nc_ht=scontent.fbkk2-7.fna&amp;oh=d8ceb07b7a16b51d01cb19af3be5b9a4&amp;oe=5CAD848B\" style=\"max-width:960px; width:720px\" /></span></span><br />\r\n&nbsp;</p>\r\n\r\n<p><span style=\"font-size:18px\"><a href=\"https://www.facebook.com/hashtag/%E0%B9%81%E0%B8%9A%E0%B8%81%E0%B8%81%E0%B8%A5%E0%B9%89%E0%B8%AD%E0%B8%87%E0%B9%80%E0%B8%97%E0%B8%B5%E0%B9%88%E0%B8%A2%E0%B8%A7?source=feed_text&amp;__xts__%5B0%5D=68.ARDcCWqX_MdgfXvlbw9nAvzf-6v592dFomB3ue61T4-1UWuxPJu4s1RFrm8X4u09Mn6AKatn4vvC995dmnV2xh_NUuWHkYh6oQ9evr9NbTdK_mOkTCnGDk402MbgAOGbT9egny1_lE6kAEiiwS7nt42VYWWpmre3_49Uicc4cXxZtf6AgQGSBKX1umjd1SRQN4eNyCh7hqDhoevZhQwpAURM9yaxgyr2jacxemTL7IcJnzcxE9UkGQVRLufwGsSckt3lnx39ce9MoDzFQlMvrl58U1bl1Ap5y7e9JwNBTCi-Sqc_mfBsscWDSCi55Y8CDsrXCNZPil04UCQj6tuX980FICae&amp;__tn__=%2ANK-R\"><span style=\"color:#3498db\">#แบกกล้องเที่ยว</span></a><span style=\"color:#3498db\">&nbsp;</span><a href=\"https://www.facebook.com/hashtag/irohayakiniku?source=feed_text&amp;__xts__%5B0%5D=68.ARDcCWqX_MdgfXvlbw9nAvzf-6v592dFomB3ue61T4-1UWuxPJu4s1RFrm8X4u09Mn6AKatn4vvC995dmnV2xh_NUuWHkYh6oQ9evr9NbTdK_mOkTCnGDk402MbgAOGbT9egny1_lE6kAEiiwS7nt42VYWWpmre3_49Uicc4cXxZtf6AgQGSBKX1umjd1SRQN4eNyCh7hqDhoevZhQwpAURM9yaxgyr2jacxemTL7IcJnzcxE9UkGQVRLufwGsSckt3lnx39ce9MoDzFQlMvrl58U1bl1Ap5y7e9JwNBTCi-Sqc_mfBsscWDSCi55Y8CDsrXCNZPil04UCQj6tuX980FICae&amp;__tn__=%2ANK-R\"><span style=\"color:#3498db\">#IrohaYakiniku</span></a></span></p>', 'img/reviews/20181124-040157-eroha.jpg', 44, '2018-11-23 21:01:57', '2018-11-24 10:24:31', '2018-11-22 17:00:00', '2018-11-24 10:23:16', 1, 2),
(25, 'test unpublished2', '<p>test unpublished</p>', NULL, 2, '2018-11-24 07:09:12', '2018-11-24 07:32:26', '2018-11-29 17:00:00', '2018-11-24 07:09:12', 2, 2),
(29, 'test unpublished26', '<p>test unpublished</p>', NULL, 13, '2018-11-24 07:09:12', '2018-11-24 15:36:13', '2018-11-25 17:00:00', '2018-11-26 14:14:46', 3, 2),
(31, 'test unpublished25', '<p>test unpublished</p>', NULL, 13, '2018-11-24 07:09:12', '2018-11-24 15:36:13', '2018-11-24 17:00:00', '2018-11-25 14:14:46', 3, 2);

-- --------------------------------------------------------

--
-- Table structure for table `roles`
--

CREATE TABLE `roles` (
  `id` int(10) UNSIGNED NOT NULL,
  `name` varchar(191) COLLATE utf8mb4_unicode_ci NOT NULL,
  `slug` varchar(191) COLLATE utf8mb4_unicode_ci NOT NULL,
  `created_at` timestamp NULL DEFAULT NULL,
  `updated_at` timestamp NULL DEFAULT NULL
) ENGINE=InnoDB DEFAULT CHARSET=utf8mb4 COLLATE=utf8mb4_unicode_ci;

--
-- Dumping data for table `roles`
--

INSERT INTO `roles` (`id`, `name`, `slug`, `created_at`, `updated_at`) VALUES
(1, 'Gold', 'gold', '2018-11-18 13:06:16', '2018-11-18 13:06:16'),
(2, 'Member', 'member', '2018-11-18 13:06:16', '2018-11-18 13:06:16'),
(3, 'ITSupport', 'itsupport', NULL, NULL);

-- --------------------------------------------------------

--
-- Table structure for table `trips`
--

CREATE TABLE `trips` (
  `id` int(10) UNSIGNED NOT NULL,
  `name` varchar(191) COLLATE utf8mb4_unicode_ci NOT NULL,
  `cover_image` varchar(191) COLLATE utf8mb4_unicode_ci DEFAULT NULL,
  `detail` varchar(191) COLLATE utf8mb4_unicode_ci NOT NULL,
  `date_start` date DEFAULT NULL,
  `date_stop` date DEFAULT NULL,
  `price` int(11) DEFAULT NULL,
  `time_start` time DEFAULT NULL,
  `time_stop` time DEFAULT NULL,
  `amount` int(11) NOT NULL,
  `created_at` timestamp NULL DEFAULT NULL,
  `updated_at` timestamp NULL DEFAULT NULL,
  `published_at` timestamp NULL DEFAULT NULL,
  `user_id` int(10) UNSIGNED NOT NULL DEFAULT '1',
  `province_id` int(10) UNSIGNED NOT NULL DEFAULT '1'
) ENGINE=InnoDB DEFAULT CHARSET=utf8mb4 COLLATE=utf8mb4_unicode_ci;

--
-- Dumping data for table `trips`
--

INSERT INTO `trips` (`id`, `name`, `cover_image`, `detail`, `date_start`, `date_stop`, `price`, `time_start`, `time_stop`, `amount`, `created_at`, `updated_at`, `published_at`, `user_id`, `province_id`) VALUES
(6, 'แม่แจ่ม chill trip 2018', 'img/trips/20181120-214706-maecham.png', 'ทริปเที่ยวเหนื่อที่สุดแห่งปี \"แม่แจ่ม chill trip 2018\" โดยทริปจะตะลอนถ่ายรูป 4 วันเต็มๆที่จังหวัดเชียงใหม่ พร้อมกับเหล่าากูรู พิเศษสุด ค่าใช้จ่าย 1,250 บาท/ท่าน (Early Bird - 20/11/2018)', '2018-11-30', '2018-12-03', 1250, '06:00:00', '18:00:00', 12, '2018-11-18 14:57:44', '2018-11-20 14:47:06', '2018-11-13 17:00:00', 1, 14),
(7, 'สิมิลัน โปรดี เที่ยวง่าย จ่ายถูก!!', 'img/trips/20181118-220039-1890.png', 'ใครว่าน่าหนาวทะเลไม่สวย เราขอท้าให้คุณมาลองเที่ยวทะเลที่ หมู่เกาะสิมิรัน โค้งสุดท้ายก่อนปิดเกาะ เพียง 1890 บาทเท่านั้น รายละเอียดทริปเพิ่มสามารถติดต่อได้ที่คุณวิชัย เพียงแค่คลิกปุ่มด้านล่าง', '2018-11-21', '2018-11-23', 1890, '07:30:00', '18:30:00', 35, '2018-11-18 15:00:39', '2018-11-20 14:50:22', '2018-11-11 17:00:00', 1, 35),
(8, 'เชิญคนไทยชม รามเกียรติ์ ตอน ศึกมัยราพณ์', 'img/trips/20181124-123813-ramayana.png', 'กลับมาอีกครั้งกับการแสดงรามเกียรติ์ ตอน ศึกมัยราพณ์ จัดแสดง ณ โรงละครแห่งชาติ จำนวน 4 รอบ ตั้งแต่วันนี้จนถึง 29 พฤศจิกายน 2561 รีบสำรองที่นั่งได้แล้ว วันนี้จนกว่าที่นั่งจะเต็ม', '2018-11-29', '2018-11-02', 550, '17:30:00', '20:30:00', 600, '2018-11-24 05:38:13', '2018-11-24 05:41:59', '2018-11-23 17:00:00', 2, 2),
(9, 'BANGSEAN42', 'img/trips/20181124-130020-promo_img_1.png', 'งานบางแสน42-2018/2 เปิดรับสมัคร ตั้งแต่วันที่ศุกร์ที่ 23 พฤศจิกายนนี้ เป็นต้นไป www.BANGSEAN42.com งานนี้สมัครก่อนได้สิทธิ์ก่อน ครบ 8,888 คน ปิดรับสมัครทันทีจ้าา แล้วเจอกันสายเลือดนักวิ่ง 💪💪💪', '2018-12-02', '2018-12-02', 555, '03:30:00', '08:30:00', 8888, '2018-11-24 06:00:20', '2018-11-24 06:00:20', '2018-11-23 17:00:00', 2, 9),
(10, 'KNIG POWER เปิดให้เยี่ยมชมออฟฟิซ', 'img/trips/20181124-131006-kp.png', 'จัดกิจกรรมเปิดให้เยี่ยมชมม \"มหานคร สกายวอล์ค\" ด้วยโปรโมชั่นระหว่างวันนี้ – 31 มกราคม 2562 สามารถซื้อบัตรเข้าชมจุดชมวิวภายในและภายนอกอาคารได้ในราคาเพียง 765 บาทเท่านั้น', '2018-11-24', '2019-01-31', 765, '09:00:00', '17:00:00', 1000, '2018-11-24 06:10:06', '2018-11-24 06:10:06', '2018-11-23 17:00:00', 2, 2),
(11, 'Samsung ชวนลูกค้า S9+ เที่ยวฟรีตลอดทริป', 'img/trips/20181124-132149-samsung.png', 'ลูกค้าผู้ใช้ Samsung Galaxy S9+ สามารถลงทะเบียนเที่ยว กิน ช็อป ถ่ายรูป ณ จังหวัดเพชรบุรี (ห้วยสามพันนา) ได้แล้วเพียงคลิก', '2018-11-27', '2018-11-30', 0, '07:00:00', '16:30:00', 50, '2018-11-24 06:21:49', '2018-11-24 06:22:36', '2018-11-23 17:00:00', 17, 39),
(12, 'จังหวัดแม่ฮ่องสอนชวนแอ่วเหนือ 6 วัน 5 คืน', 'img/trips/20181124-132942-pangung.png', 'การท่องเที่ยวจังหวัดแม่ฮ่องสอน ชวนคนไทยแอ่วภาคเหนือหน้าหนาวนี้ สิทธิ์พิเศษเฉพาะพนักงานข้าราชการ C7+ ฟรีตลอดทริป สนใจร่วมทริปสมัครเลยตั้งแต่วันนี้เป็นต้นไป', '2018-12-01', '2018-12-06', 2500, '05:45:00', '17:00:00', 120, '2018-11-24 06:29:42', '2018-11-24 06:29:42', '2018-11-23 17:00:00', 18, 45),
(13, 'เที่ยวแบบอนุรักษ์ พิทักษ์ชุมพร', 'img/trips/20181124-133740-chumporn.png', 'ชวนปลูกป่าชายเลนฟื้นฟูพื้นที่อุทยานแห่งชาติหมู่เกาะชุมพร จำนวน 100 ไร่ เพื่อเฉลิมพระเกียรติ เนื่องในโอกาสวันเฉลิมพระชนมพรรษา สมเด็จพระเจ้าอยู่หัวฯ 66 พรรษา 28 พฤศจิกายน 2561', '2018-11-28', '2018-11-28', 0, '07:30:00', '17:00:00', 666, '2018-11-24 06:37:40', '2018-11-24 06:37:40', '2018-11-23 17:00:00', 19, 12),
(16, 'test unpublished3', NULL, 'test unpublished test unpublished test unpublished test unpublished', '2018-11-24', '2018-11-24', 123, '12:12:00', '13:13:00', 1234, '2018-11-24 09:16:26', '2018-11-24 09:16:26', '2018-11-29 17:00:00', 1, 2),
(18, 'test unpublished4', NULL, 'test unpublished test unpublished test unpublished test unpublished', '2018-11-24', '2018-11-24', 123, '12:12:00', '13:13:00', 1234, '2018-11-24 09:16:26', '2018-11-24 09:16:26', '2018-11-29 17:00:00', 1, 2),
(19, 'test unpublished1', NULL, 'test unpublished test unpublished test unpublished test unpublished', '2018-11-24', '2018-11-24', 123, '12:12:00', '13:13:00', 1234, '2018-11-24 09:16:26', '2018-11-24 09:16:26', '2018-11-29 17:00:00', 1, 2),
(20, 'test unpublished2', NULL, 'test unpublished test unpublished test unpublished test unpublished', '2018-11-24', '2018-11-24', 123, '12:12:00', '13:13:00', 1234, '2018-11-24 09:16:26', '2018-11-24 09:16:26', '2018-11-29 17:00:00', 1, 2),
(21, 'test unpublished5', NULL, 'test unpublished test unpublished test unpublished test unpublished', '2018-11-24', '2018-11-24', 123, '12:12:00', '13:13:00', 1234, '2018-11-24 09:16:26', '2018-11-24 09:16:26', '2018-11-29 17:00:00', 1, 2),
(22, 'test unpublished6', NULL, 'test unpublished test unpublished test unpublished test unpublished', '2018-11-24', '2018-11-24', 123, '12:12:00', '13:13:00', 1234, '2018-11-24 09:16:26', '2018-11-24 09:16:26', '2018-11-29 17:00:00', 1, 2),
(23, 'test unpublished7', NULL, 'test unpublished test unpublished test unpublished test unpublished', '2018-11-24', '2018-11-24', 123, '12:12:00', '13:13:00', 1234, '2018-11-24 09:16:26', '2018-11-24 09:16:26', '2018-11-29 17:00:00', 1, 2);

-- --------------------------------------------------------

--
-- Table structure for table `users`
--

CREATE TABLE `users` (
  `id` int(10) UNSIGNED NOT NULL,
  `name` varchar(191) COLLATE utf8mb4_unicode_ci NOT NULL,
  `username` varchar(191) COLLATE utf8mb4_unicode_ci NOT NULL,
  `password` varchar(191) COLLATE utf8mb4_unicode_ci NOT NULL,
  `gender` varchar(191) COLLATE utf8mb4_unicode_ci NOT NULL DEFAULT 'male',
  `email` varchar(191) COLLATE utf8mb4_unicode_ci NOT NULL,
  `tel` varchar(191) COLLATE utf8mb4_unicode_ci NOT NULL,
  `remember_token` varchar(100) COLLATE utf8mb4_unicode_ci DEFAULT NULL,
  `created_at` timestamp NULL DEFAULT NULL,
  `updated_at` timestamp NULL DEFAULT NULL,
  `role_id` int(10) UNSIGNED NOT NULL DEFAULT '1'
) ENGINE=InnoDB DEFAULT CHARSET=utf8mb4 COLLATE=utf8mb4_unicode_ci;

--
-- Dumping data for table `users`
--

INSERT INTO `users` (`id`, `name`, `username`, `password`, `gender`, `email`, `tel`, `remember_token`, `created_at`, `updated_at`, `role_id`) VALUES
(1, 'GoldTop', 'nonstop', '$2y$10$Ga0EqfwmkgaIO4Rjl8uAZ.kJyD2Pmw7NNQa6PlNYxCklp5xEaqqBi', 'male', 'nonstop@hotmail.com', '0898115155', 'PprST1tYSoqQ7BH2Wz8VtAnRcOXRscNUlyUnB1XLFeLFrFFFL2CJZwnGAPiN', '2018-11-18 13:06:17', '2018-11-18 13:06:17', 1),
(2, 'GoldTon', 'nonston', '$2y$10$72DcqbVVlN8Ah0Mzio/ZkOeatR4S14bAVu1vedU/wJo53177p9M/q', 'male', 'nonston@hotmail.com', '0899999999', '4Jqrun40jyN7HhCJgXhd04xsb9x9xzB2gO60GEgshzQDtHJNpEzVSsIKnckb', '2018-11-18 13:06:17', '2018-11-18 13:06:17', 1),
(3, 'kookkai', 'kookkai', '$2y$10$gufzFSNC9afez55Wt/01Peuk6qTvLHRhLD/tickEPMAYWzQ1ysCo2', 'female', 'kookkai@hotmail.com', '0895072549', '4SbOSyrd9VXaf48FlF85kbY4M2ihVQCQ3oc4h8dZNKo15GedqJ6e1aN8WVAu', '2018-11-18 13:06:17', '2018-11-18 13:06:17', 2),
(4, 'nonstop5', 'nonstop5', '$2y$10$oG.Md7hjN.dj4Xh3mCjXw.WTa4sGSUewj2TnZLnotRG9rXQGa6PSy', 'male', 'nonstop5@hotmail.com', '0832361125', 'LX44GHS8nSIknfJEQY0QgWmcio0PsA387qM1sboSDbBpgsRWZVDInPIaBQ5j', '2018-11-19 18:08:00', '2018-11-19 18:08:00', 2),
(5, 'nonstop6', 'nonstop6', '$2y$10$2oLyPsegTvG/Ni1GEJG3s.9JfmTSGFjVpfL0w3J4yiRhLPcIz0k2C', 'male', 'nonstop6@hotmail.com', '0903451255', 'p8eZosnIjfu22ZVDfBpsXjYAQLhBjuHHciH9bxrPpagLkDCkelL69gNLnXVc', '2018-11-19 18:09:05', '2018-11-19 18:09:05', 2),
(6, 'Antonyo', 'Antonyo12', '$2y$10$LrpMVWVVDXzdaL1ghQJnwuOuI6MpCns3PvfLfZ8egyliTpTh9JW1G', 'male', 'Antonyo@hotmail.com', '0345723412', NULL, '2018-11-19 19:00:46', '2018-11-19 19:00:46', 2),
(7, 'moss1150', 'moss1150', '$2y$10$L9ZLFx2re.EZiOIys9sC1.c98pt1hYG.M/05tk34R1FDPhlVxFi8u', 'male', 'moss2250@hotmail.com', '0404040404', 'Zkju5iYZimBdjQ9Rsrlj5co794dQKiNoHml9aYO1w0MoZI5qlKlbKGOHnnBu', '2018-11-20 13:16:09', '2018-11-20 13:16:09', 2),
(8, 'asd1234567', 'asd1234567', '$2y$10$Xi7gqINnSCL3X.BtCBVfRuQVXirestMIj4D76ulFt6koE.InSneS2', 'female', 'asd1234567@hotmail.com', '097262724', '0JBR2CiHvRCjLTUe3h4MFubJE8kr5IBH3WVYaMslTlBt4qi5HMkmkoK4r2ii', '2018-11-21 18:21:36', '2018-11-21 18:21:36', 2),
(9, 'topumin19', 'topumin19', '$2y$10$FFRUxBsrHFFl.g1IhKZ0iu.hK93TXLZKgHnhz2FIiRlu47Zpob3wq', 'male', 'topumin@hotmail.com', '0909785703', 'zD2vXtHejtlNj8t06KNmmpTZBTFrGTZoHStYJC8z1FMclVfnLV1Yd4n968aj', '2018-11-21 19:19:47', '2018-11-21 19:19:47', 2),
(11, 'balalon', 'balalon', '$2y$10$IeYSXWvajZyrYLADfncabuv/mG2WUpWCoR/pH7yz.MR0G6YXxyXki', 'male', 'balalon@hotmail.com', '0000000124', 'JOYjqvSW9vgLCggRaXTi3d07ieSFsO6z7zhboDOLOzkI6O5ziPRRxlC7yUOz', '2018-11-22 17:16:52', '2018-11-22 17:16:52', 1),
(12, 'sdfsdf', 'sdfsdf', '$2y$10$3XJQl0ZwaolXuSbtCcE91eUKF00cvMuCuAhTWPLjcN.HIU5Zz5QBq', 'female', 's123123123123df@hotmail.com', 'asdasd', 'DW788EZ4W2JRicqH93PuxYvspV87RvtBjHnovrfDIjsekOVGv9ZO8uuPOnwS', '2018-11-22 17:23:53', '2018-11-22 17:23:53', 2),
(13, 'sad', 'sad', '$2y$10$y4FSq0VuaWvbK3PZDDnIY.boYRFhL5jZyb1k1XT4Ehpx4IrMIs3Za', 'female', 'tew@hotmail.com', '0962415161', 'Y9OLe6vR3gxahWtWGRhbkLqEqtrUjeLxocuROzdxIgxgGUAnJeaIcG0YQaBq', '2018-11-22 17:24:57', '2018-11-22 17:24:57', 2),
(14, 'ant', 'ant', '$2y$10$eeWuSPcCL.3usCg2YoG9vOlNnZy2ex3KdqyUEeUHz2wJeL5iH.2za', 'female', 'ant123@hotmail.com', '0345121212', 'I4dH6FSJRtCGt3W79zjZhuDLv4FESZFpW4IdVQ7BUuNGYOgYpKnEOeDpRqy9', '2018-11-22 17:27:30', '2018-11-22 17:27:30', 2),
(15, 'suthep', 'suthep', '$2y$10$f8jz9fVOaUSkTTqYICwc5.K.HWDKVQd7tjn8Q4DFikXjiIX/NqmJa', 'male', 'suthep1331@hotmail.com', '0818694744', 'wQt3NBZ8ACzFR5a2QMps70I7HpnboxbSSlV1mv7XKBH9qtSQn4Lp5jlNFRZ3', '2018-11-23 18:37:20', '2018-11-23 18:37:20', 2),
(16, 'tannn', 'tannn', '$2y$10$rkNkqtV6sYjvdVixL5FIvOjAK257kzp5suCEUKOCJxhd997vmzn/m', 'female', 'tannn@hotmail.com', '0898115144', 'u8yRKqM93Suphrum9GhQFhG9mDqK2kcq9LQ4gOQGHxbV8gP43VLugIcac2gl', '2018-11-23 19:30:10', '2018-11-23 19:30:10', 2),
(17, 'GoldSamsung', 'samsung19', '$2y$10$TWHCMC3lGpjoAf/tZnStjupMI5UtsjkdZmjYNrfIN6FN9/NHqBWEe', 'female', 'samsung@presenter.co', '024651331', 'hEZf9LcLuRilUAbf3pJT67T6KLeA840kIRYzOdP6pYrfbYQ8IL4jEQt5jGNC', '2018-11-24 06:17:00', '2018-11-24 06:17:00', 1),
(18, 'Chiangmai', 'Chiangmai', '$2y$10$gmh.Y/e.GcRtgEKWrUelz.tE4iVNQk66jnD/3iF4vBX2tt20.dA1G', 'female', 'Chiangmai@info.gov.th', '021234567', 'OaYTNltUn0KUeBOM1huIE6RZrCVuGYGS6h63ApeQFotZZlIG06p8XTGumOm7', '2018-11-24 06:24:16', '2018-11-24 06:24:16', 1),
(19, 'Chumporn', 'Chumporn', '$2y$10$ZZb7YalBK5F5C8GUkMm/LOOuNaVg/wME/jKlRuvsOSTpVqMDxyZ.q', 'male', 'Chumporn@info.gov.th', '024655088', 'VVgm4x0ZE1zxPsfM4Z3I3M4l5pB0RZ9h4dLN3MWhLyNrLAbd5TArx0svGCyw', '2018-11-24 06:32:56', '2018-11-24 06:32:56', 1),
(21, 'ITSupport', 'itsupport', '$2y$10$ZZb7YalBK5F5C8GUkMm/LOOuNaVg/wME/jKlRuvsOSTpVqMDxyZ.q', 'male', 'itsupport@tourthai.com', '024655555', '1RHPA87SQD5S29h78GSyDowGPOzkBowldMU0Cfpz3BI8YGnVeFD2mfE2FDkD', '2018-11-01 06:32:56', '2018-11-24 06:32:56', 3),
(22, 'Aunnaree', 'aunnaree', '$2y$10$jVWwG9PeJqVC6AJxuCCFWuORtVwX2XRPX4JtgqsY4RWZyMu15RcGG', 'female', 'aunnaree@hotmail.com', '0985151616', 'MDTH0JdOIDekw4U6ENecGXNeXTPHmhXtARSFP4ABQNwb1ueq3gfwsrvTCtpH', '2018-11-24 10:22:54', '2018-11-24 10:22:54', 2),
(23, 'Pennapha', 'Pennapha', '$2y$10$Fs068Mi.fmEMEqMxS/KKoumWUBbPYQku3vgjVFQ9Ks07TF4a6BCZG', 'female', 'Pennapha@hotmail.com', '0987654323', NULL, '2018-11-24 10:32:03', '2018-11-24 10:32:03', 2);

--
-- Indexes for dumped tables
--

--
-- Indexes for table `categories`
--
ALTER TABLE `categories`
  ADD PRIMARY KEY (`id`),
  ADD UNIQUE KEY `categories_name_unique` (`name`);

--
-- Indexes for table `category_review`
--
ALTER TABLE `category_review`
  ADD PRIMARY KEY (`category_id`,`review_id`),
  ADD KEY `category_review_category_id_index` (`category_id`),
  ADD KEY `category_review_review_id_index` (`review_id`);

--
-- Indexes for table `comments`
--
ALTER TABLE `comments`
  ADD PRIMARY KEY (`id`),
  ADD KEY `comments_user_id_foreign` (`user_id`),
  ADD KEY `comments_review_id_foreign` (`review_id`);

--
-- Indexes for table `migrations`
--
ALTER TABLE `migrations`
  ADD PRIMARY KEY (`id`);

--
-- Indexes for table `password_resets`
--
ALTER TABLE `password_resets`
  ADD KEY `password_resets_email_index` (`email`);

--
-- Indexes for table `provinces`
--
ALTER TABLE `provinces`
  ADD PRIMARY KEY (`id`),
  ADD UNIQUE KEY `provinces_name_unique` (`name`);

--
-- Indexes for table `reviews`
--
ALTER TABLE `reviews`
  ADD PRIMARY KEY (`id`),
  ADD UNIQUE KEY `reviews_title_unique` (`title`),
  ADD KEY `reviews_user_id_foreign` (`user_id`),
  ADD KEY `reviews_province_id_foreign` (`province_id`);

--
-- Indexes for table `roles`
--
ALTER TABLE `roles`
  ADD PRIMARY KEY (`id`),
  ADD UNIQUE KEY `roles_slug_unique` (`slug`);

--
-- Indexes for table `trips`
--
ALTER TABLE `trips`
  ADD PRIMARY KEY (`id`),
  ADD UNIQUE KEY `trips_name_unique` (`name`),
  ADD KEY `trips_user_id_foreign` (`user_id`),
  ADD KEY `trips_province_id_foreign` (`province_id`);

--
-- Indexes for table `users`
--
ALTER TABLE `users`
  ADD PRIMARY KEY (`id`),
  ADD UNIQUE KEY `users_username_unique` (`username`),
  ADD UNIQUE KEY `users_email_unique` (`email`),
  ADD UNIQUE KEY `users_tel_unique` (`tel`),
  ADD KEY `users_role_id_foreign` (`role_id`);

--
-- AUTO_INCREMENT for dumped tables
--

--
-- AUTO_INCREMENT for table `categories`
--
ALTER TABLE `categories`
  MODIFY `id` int(10) UNSIGNED NOT NULL AUTO_INCREMENT, AUTO_INCREMENT=6;

--
-- AUTO_INCREMENT for table `comments`
--
ALTER TABLE `comments`
  MODIFY `id` int(10) UNSIGNED NOT NULL AUTO_INCREMENT, AUTO_INCREMENT=67;

--
-- AUTO_INCREMENT for table `migrations`
--
ALTER TABLE `migrations`
  MODIFY `id` int(10) UNSIGNED NOT NULL AUTO_INCREMENT, AUTO_INCREMENT=16;

--
-- AUTO_INCREMENT for table `provinces`
--
ALTER TABLE `provinces`
  MODIFY `id` int(10) UNSIGNED NOT NULL AUTO_INCREMENT, AUTO_INCREMENT=78;

--
-- AUTO_INCREMENT for table `reviews`
--
ALTER TABLE `reviews`
  MODIFY `id` int(10) UNSIGNED NOT NULL AUTO_INCREMENT, AUTO_INCREMENT=33;

--
-- AUTO_INCREMENT for table `roles`
--
ALTER TABLE `roles`
  MODIFY `id` int(10) UNSIGNED NOT NULL AUTO_INCREMENT, AUTO_INCREMENT=4;

--
-- AUTO_INCREMENT for table `trips`
--
ALTER TABLE `trips`
  MODIFY `id` int(10) UNSIGNED NOT NULL AUTO_INCREMENT, AUTO_INCREMENT=31;

--
-- AUTO_INCREMENT for table `users`
--
ALTER TABLE `users`
  MODIFY `id` int(10) UNSIGNED NOT NULL AUTO_INCREMENT, AUTO_INCREMENT=24;

--
-- Constraints for dumped tables
--

--
-- Constraints for table `category_review`
--
ALTER TABLE `category_review`
  ADD CONSTRAINT `category_review_category_id_foreign` FOREIGN KEY (`category_id`) REFERENCES `categories` (`id`) ON DELETE CASCADE,
  ADD CONSTRAINT `category_review_review_id_foreign` FOREIGN KEY (`review_id`) REFERENCES `reviews` (`id`) ON DELETE CASCADE;

--
-- Constraints for table `comments`
--
ALTER TABLE `comments`
  ADD CONSTRAINT `comments_review_id_foreign` FOREIGN KEY (`review_id`) REFERENCES `reviews` (`id`) ON DELETE CASCADE,
  ADD CONSTRAINT `comments_user_id_foreign` FOREIGN KEY (`user_id`) REFERENCES `users` (`id`) ON DELETE CASCADE;

--
-- Constraints for table `reviews`
--
ALTER TABLE `reviews`
  ADD CONSTRAINT `reviews_province_id_foreign` FOREIGN KEY (`province_id`) REFERENCES `provinces` (`id`) ON DELETE CASCADE,
  ADD CONSTRAINT `reviews_user_id_foreign` FOREIGN KEY (`user_id`) REFERENCES `users` (`id`) ON DELETE CASCADE;

--
-- Constraints for table `trips`
--
ALTER TABLE `trips`
  ADD CONSTRAINT `trips_province_id_foreign` FOREIGN KEY (`province_id`) REFERENCES `provinces` (`id`) ON DELETE CASCADE,
  ADD CONSTRAINT `trips_user_id_foreign` FOREIGN KEY (`user_id`) REFERENCES `users` (`id`) ON DELETE CASCADE;

--
-- Constraints for table `users`
--
ALTER TABLE `users`
  ADD CONSTRAINT `users_role_id_foreign` FOREIGN KEY (`role_id`) REFERENCES `roles` (`id`) ON DELETE CASCADE;
COMMIT;

/*!40101 SET CHARACTER_SET_CLIENT=@OLD_CHARACTER_SET_CLIENT */;
/*!40101 SET CHARACTER_SET_RESULTS=@OLD_CHARACTER_SET_RESULTS */;
/*!40101 SET COLLATION_CONNECTION=@OLD_COLLATION_CONNECTION */;
